{"常用":["顺丰速运","申通快递","圆通快递","韵达速运","EMS快递","中通快递","汇通快递","天天快递","宅急送快递","全峰快递","德邦快递","中国邮政"],"A":["AAE快递","安信达快递","安捷快递","Aramex","爱彼西快递","安迅物流","安得物流","AOL快递"],"B":["百福东方快递","宝通达物流","百千诚国际物流","贝邮宝"],"C":["程光快递","长通物流","传喜快递","传志快递","COE快递","CCES快递","城市之星","城市100快递","成都立即送快递","出口易"],"D":["DHL快递","D速快递","大田物流","DPEX快递","递四方物流","东方快递","大洋物流快递","递达快递","店通快递","大金物流","大达物流","大顺物流"],"E":["EMS","EES","E邮宝"],"F":["Fedex(国际)","Fedex(国内)","飞康达快递","丰达快递","飞豹快递","飞邦物流","飞远物流","飞狐快递","凡宇快递","飞特物流","飞洋快递","方方达物流"],"G":["国通快递","港中能达快递","挂号信","共速达物流","港快速递"],"H":["华宇物流","华诚物流","汇强快递","华企快递","河北建华物流","昊盛物流","华夏龙物流","海盟速递","华翰物流","海尔日日顺物流","恒宇运通","华航快递","好来运快递","合众速递"],"J":["佳怡物流","加运美物流","佳吉物流","晋越快递","嘉里大通","京广速递","急先达物流","京东快递","佳惠尔快递","久易快递","捷特快递","京世物流"],"K":["快捷快递","KKE快递","跨越快递","宽容物流","快淘快递"],"L":["乐捷递","龙邦物流","联昊通快递","蓝镖快递","立即送快递"],"M":["民航快递","明亮物流","民邦速递","闽盛物流","蒙速快递"],"N":["能达快递","尼尔快递","南北快递"],"O":["OCS国际快递"],"P":["平邮包裹","平安达快递","陪行物流"],"Q":["全晨快递","全际通快递","全日通快递","全一快递"],"R":["如风达快递","RPX保时达","日日顺物流","瑞丰速递","日本邮政","日昱物流","荣庆物流"],"S":["速尔快递","盛丰物流","盛辉物流","三态速递","申通E物流","SCS快递","穗佳物流","赛澳递","圣安物流","山东海红快递","速通物流","思迈快递","速腾快递","晟邦物流","速呈宅配"],"T":["天地华宇物流","TNT快递","通成物流","通和天下物流"],"U":["UPS快递","USPS快递"],"W":["万家物流","万象物流","伟邦快递","万博快递","五环速递"],"X":["信丰快递","新邦物流","小包","星程宅配","新加坡邮政","香港邮政"],"Y":["优速快递","一邦快递","源伟丰快递","原飞航快递","元智捷诚快递","亚风快递","远成物流","越丰快递","一统飞鸿快递","源安达快递","银捷快递","邮政小包","誉美捷快递","音素快递","音速快递","燕文物流"],"Z":["中邮物流","中铁快运","中信达快递","芝麻开门","中天快运","增益快递","佐川急便","纵行物流"]}