[
    {
        "name": "pay_precmoney",
        "value": "Enter recharge amount!",
        "site": "0",
        "array": "1",
        "app": "10080",
        "lang": "en"
    },
    {
        "name": "pay_payinterface_error",
        "value": "Payment interface error, please contact webmaster",
        "site": "0",
        "array": "1",
        "app": "10080",
        "lang": "en"
    },
    {
        "name": "pay_paidok",
        "value": "Paid successfully!",
        "site": "0",
        "array": "1",
        "app": "10080",
        "lang": "en"
    },
    {
        "name": "pay_recharge",
        "value": "Account recharge",
        "site": "0",
        "array": "0",
        "app": "10080",
        "lang": "en"
    },
    {
        "name": "pay_time",
        "value": "Time",
        "site": "0",
        "array": "0",
        "app": "10080",
        "lang": "en"
    },
    {
        "name": "pay_price",
        "value": "Amount",
        "site": "0",
        "array": "0",
        "app": "10080",
        "lang": "en"
    },
    {
        "name": "pay_balance",
        "value": "Account balance",
        "site": "0",
        "array": "0",
        "app": "10080",
        "lang": "en"
    },
    {
        "name": "pay_reason",
        "value": "Cause",
        "site": "0",
        "array": "0",
        "app": "10080",
        "lang": "en"
    },
    {
        "name": "pay_dopay",
        "value": "Go to pay",
        "site": "0",
        "array": "0",
        "app": "10080",
        "lang": "en"
    },
    {
        "name": "pay_order",
        "value": "Order",
        "site": "0",
        "array": "0",
        "app": "10080",
        "lang": "en"
    },
    {
        "name": "pay_payment",
        "value": "Pay",
        "site": "0",
        "array": "0",
        "app": "10080",
        "lang": "en"
    },
    {
        "name": "pay_passno",
        "value": "Password error",
        "site": "0",
        "array": "0",
        "app": "10080",
        "lang": "en"
    },
    {
        "name": "pay_subject",
        "value": "Product name",
        "site": "0",
        "array": "0",
        "app": "10080",
        "lang": "en"
    },
    {
        "name": "pay_input_amoun",
        "value": "Enter recharge amount",
        "site": "0",
        "array": "0",
        "app": "10080",
        "lang": "en"
    },
    {
        "name": "pay_amount",
        "value": "Recharge amount",
        "site": "0",
        "array": "0",
        "app": "10080",
        "lang": "en"
    },
    {
        "name": "pay_ordersuccess",
        "value": "Submitted successfully,go to pay",
        "site": "0",
        "array": "0",
        "app": "10080",
        "lang": "en"
    },
    {
        "name": "pay_please",
        "value": "Please~",
        "site": "0",
        "array": "0",
        "app": "10080",
        "lang": "en"
    },
    {
        "name": "pay_pleasepayment",
        "value": "pay for the order ,close the order once time out",
        "site": "0",
        "array": "0",
        "app": "10080",
        "lang": "en"
    },
    {
        "name": "pay_ordernumber",
        "value": "Order number",
        "site": "0",
        "array": "0",
        "app": "10080",
        "lang": "en"
    },
    {
        "name": "pay_orderdetails",
        "value": "Order details",
        "site": "0",
        "array": "0",
        "app": "10080",
        "lang": "en"
    },
    {
        "name": "pay_receiving",
        "value": "receipt information",
        "site": "0",
        "array": "0",
        "app": "10080",
        "lang": "en"
    },
    {
        "name": "pay_commodity",
        "value": "Product",
        "site": "0",
        "array": "0",
        "app": "10080",
        "lang": "en"
    },
    {
        "name": "pay_beingpaid",
        "value": "Paying...",
        "site": "0",
        "array": "0",
        "app": "10080",
        "lang": "en"
    },
    {
        "name": "pay_paytotal",
        "value": "Amount payable",
        "site": "0",
        "array": "0",
        "app": "10080",
        "lang": "en"
    },
    {
        "name": "pay_paytotal",
        "value": "Amount payable",
        "site": "0",
        "array": "0",
        "app": "10080",
        "lang": "en"
    },
    {
        "name": "pay_invoice",
        "value": "Invoice",
        "site": "0",
        "array": "0",
        "app": "10080",
        "lang": "en"
    },
    {
        "name": "pay_scanpayment",
        "value": "WeChat scans",
        "site": "0",
        "array": "0",
        "app": "10080",
        "lang": "en"
    },
    {
        "name": "pay_paiderror",
        "value": "Payment faillure",
        "site": "0",
        "array": "0",
        "app": "10080",
        "lang": "en"
    },
    {
        "name": "pay_paidok",
        "value": "Paid successfully!",
        "site": "0",
        "array": "0",
        "app": "10080",
        "lang": "en"
    },
    {
        "name": "pay_balancepay",
        "value": "Balance payment",
        "site": "0",
        "array": "0",
        "app": "10080",
        "lang": "en"
    },
    {
        "name": "pay_ok",
        "value": "Yes",
        "site": "0",
        "array": "0",
        "app": "10080",
        "lang": "en"
    },
    {
        "name": "pay_paysuccess",
        "value": "Paid successfully",
        "site": "0",
        "array": "0",
        "app": "10080",
        "lang": "en"
    },
    {
        "name": "pay_payfailed",
        "value": "Payment faillure",
        "site": "0",
        "array": "0",
        "app": "10080",
        "lang": "en"
    },
    {
        "name": "pay_consumption_detail",
        "value": "Consumer records",
        "site": "0",
        "array": "0",
        "app": "10080",
        "lang": "en"
    },
    {
        "name": "pay_accountrecharge",
        "value": "Recharge",
        "site": "0",
        "array": "0",
        "app": "10080",
        "lang": "en"
    },
    {
        "name": "pay_order_pay",
        "value": "Order payment",
        "site": "0",
        "array": "0",
        "app": "10080",
        "lang": "en"
    },
    {
        "name": "pay_clse_tips",
        "value": "Online payment has not been activated, please contact the merchant",
        "site": "0",
        "array": "0",
        "app": "10080",
        "lang": "en"
    },
    {
        "name": "pay_required_para_missing",
        "value": "Missing required parameters",
        "site": "0",
        "array": "0",
        "app": "10080",
        "lang": "en"
    },
    {
        "name": "pay_paymentok_title",
        "value": "Ordered successfully",
        "site": "0",
        "array": "0",
        "app": "10080",
        "lang": "en"
    },
    {
        "name": "pay_pay_type0",
        "value": "Pay by account balance",
        "site": "0",
        "array": "1",
        "app": "10080",
        "lang": "en"
    },
    {
        "name": "pay_pay_type1",
        "value": "WeChat scans",
        "site": "0",
        "array": "1",
        "app": "10080",
        "lang": "en"
    },
    {
        "name": "pay_pay_type2",
        "value": "Alipay WAP",
        "site": "0",
        "array": "1",
        "app": "10080",
        "lang": "en"
    },
    {
        "name": "pay_pay_type3",
        "value": "Alipay website",
        "site": "0",
        "array": "1",
        "app": "10080",
        "lang": "en"
    },
    {
        "name": "pay_pay_type4",
        "value": "UnionPay B2C",
        "site": "0",
        "array": "1",
        "app": "10080",
        "lang": "en"
    },
    {
        "name": "pay_pay_type5",
        "value": "PayPal",
        "site": "0",
        "array": "1",
        "app": "10080",
        "lang": "en"
    },
    {
        "name": "pay_pay_type6",
        "value": "Wechat public account",
        "site": "0",
        "array": "1",
        "app": "10080",
        "lang": "en"
    },
    {
        "name": "pay_pay_type7",
        "value": "WeChat H5",
        "site": "0",
        "array": "1",
        "app": "10080",
        "lang": "en"
    },
    {
        "name": "pay_pay_type8",
        "value": "Reserved interface",
        "site": "0",
        "array": "1",
        "app": "10080",
        "lang": "en"
    },
    {
        "name": "pay_pay_type9",
        "value": "UnionPay B2B",
        "site": "0",
        "array": "1",
        "app": "10080",
        "lang": "en"
    }
]