[
    {
        "name": "pay_precmoney",
        "value": "请输入充值金额！",
        "site": "0",
        "array": "1",
        "app": "10080",
        "lang": "cn"
    },
    {
        "name": "pay_payinterface_error",
        "value": "支付接口错误，请联系网站管理员！",
        "site": "0",
        "array": "1",
        "app": "10080",
        "lang": "cn"
    },
    {
        "name": "pay_paidok",
        "value": "支付成功！",
        "site": "0",
        "array": "1",
        "app": "10080",
        "lang": "cn"
    },
    {
        "name": "pay_recharge",
        "value": "账户充值",
        "site": "0",
        "array": "0",
        "app": "10080",
        "lang": "cn"
    },
    {
        "name": "pay_time",
        "value": "时间",
        "site": "0",
        "array": "0",
        "app": "10080",
        "lang": "cn"
    },
    {
        "name": "pay_price",
        "value": "金额",
        "site": "0",
        "array": "0",
        "app": "10080",
        "lang": "cn"
    },
    {
        "name": "pay_balance",
        "value": "账户余额",
        "site": "0",
        "array": "0",
        "app": "10080",
        "lang": "cn"
    },
    {
        "name": "pay_reason",
        "value": "事由",
        "site": "0",
        "array": "0",
        "app": "10080",
        "lang": "cn"
    },
    {
        "name": "pay_dopay",
        "value": "去付款",
        "site": "0",
        "array": "0",
        "app": "10080",
        "lang": "cn"
    },
    {
        "name": "pay_order",
        "value": "订单",
        "site": "0",
        "array": "0",
        "app": "10080",
        "lang": "cn"
    },
    {
        "name": "pay_payment",
        "value": "支付",
        "site": "0",
        "array": "0",
        "app": "10080",
        "lang": "cn"
    },
    {
        "name": "pay_passno",
        "value": "密码错误",
        "site": "0",
        "array": "0",
        "app": "10080",
        "lang": "cn"
    },
    {
        "name": "pay_subject",
        "value": "商品名称",
        "site": "0",
        "array": "0",
        "app": "10080",
        "lang": "cn"
    },
    {
        "name": "pay_input_amoun",
        "value": "请输入充值金额",
        "site": "0",
        "array": "0",
        "app": "10080",
        "lang": "cn"
    },
    {
        "name": "pay_amount",
        "value": "充值金额",
        "site": "0",
        "array": "0",
        "app": "10080",
        "lang": "cn"
    },
    {
        "name": "pay_ordersuccess",
        "value": "订单提交成功！去付款咯~",
        "site": "0",
        "array": "0",
        "app": "10080",
        "lang": "cn"
    },
    {
        "name": "pay_please",
        "value": "请在~",
        "site": "0",
        "array": "0",
        "app": "10080",
        "lang": "cn"
    },
    {
        "name": "pay_pleasepayment",
        "value": "内完成支付，超时后将取消订单",
        "site": "0",
        "array": "0",
        "app": "10080",
        "lang": "cn"
    },
    {
        "name": "pay_ordernumber",
        "value": "订单号",
        "site": "0",
        "array": "0",
        "app": "10080",
        "lang": "cn"
    },
    {
        "name": "pay_orderdetails",
        "value": "订单详情",
        "site": "0",
        "array": "0",
        "app": "10080",
        "lang": "cn"
    },
    {
        "name": "pay_receiving",
        "value": "收货信息",
        "site": "0",
        "array": "0",
        "app": "10080",
        "lang": "cn"
    },
    {
        "name": "pay_commodity",
        "value": "商品",
        "site": "0",
        "array": "0",
        "app": "10080",
        "lang": "cn"
    },
    {
        "name": "pay_beingpaid",
        "value": "正在支付...",
        "site": "0",
        "array": "0",
        "app": "10080",
        "lang": "cn"
    },
    {
        "name": "pay_paytotal",
        "value": "应付总额",
        "site": "0",
        "array": "0",
        "app": "10080",
        "lang": "cn"
    },
    {
        "name": "pay_paytotal",
        "value": "应付总额",
        "site": "0",
        "array": "0",
        "app": "10080",
        "lang": "cn"
    },
    {
        "name": "pay_invoice",
        "value": "发票",
        "site": "0",
        "array": "0",
        "app": "10080",
        "lang": "cn"
    },
    {
        "name": "pay_scanpayment",
        "value": "微信扫码支付",
        "site": "0",
        "array": "0",
        "app": "10080",
        "lang": "cn"
    },
    {
        "name": "pay_paiderror",
        "value": "支付失败",
        "site": "0",
        "array": "0",
        "app": "10080",
        "lang": "cn"
    },
    {
        "name": "pay_paidok",
        "value": "支付成功",
        "site": "0",
        "array": "0",
        "app": "10080",
        "lang": "cn"
    },
    {
        "name": "pay_balancepay",
        "value": "余额支付",
        "site": "0",
        "array": "0",
        "app": "10080",
        "lang": "cn"
    },
    {
        "name": "pay_ok",
        "value": "确定",
        "site": "0",
        "array": "0",
        "app": "10080",
        "lang": "cn"
    },
    {
        "name": "pay_paysuccess",
        "value": "支付成功",
        "site": "0",
        "array": "0",
        "app": "10080",
        "lang": "cn"
    },
    {
        "name": "pay_payfailed",
        "value": "支付失败",
        "site": "0",
        "array": "0",
        "app": "10080",
        "lang": "cn"
    },
    {
        "name": "pay_consumption_detail",
        "value": "消费明细",
        "site": "0",
        "array": "0",
        "app": "10080",
        "lang": "cn"
    },
    {
        "name": "pay_accountrecharge",
        "value": "账户充值！",
        "site": "0",
        "array": "0",
        "app": "10080",
        "lang": "cn"
    },
    {
        "name": "pay_order_pay",
        "value": "订单支付",
        "site": "0",
        "array": "0",
        "app": "10080",
        "lang": "cn"
    },
    {
        "name": "pay_clse_tips",
        "value": "系统尚未开启在线支付，请联系商家！",
        "site": "0",
        "array": "0",
        "app": "10080",
        "lang": "cn"
    },
    {
        "name": "pay_required_para_missing",
        "value": "缺少必要参数",
        "site": "0",
        "array": "0",
        "app": "10080",
        "lang": "cn"
    },
    {
        "name": "pay_paymentok_title",
        "value": "订单支付成功",
        "site": "0",
        "array": "0",
        "app": "10080",
        "lang": "cn"
    },
    {
        "name": "pay_pay_type0",
        "value": "账户余额支付",
        "site": "0",
        "array": "1",
        "app": "10080",
        "lang": "cn"
    },
    {
        "name": "pay_pay_type1",
        "value": "微信扫码支付",
        "site": "0",
        "array": "1",
        "app": "10080",
        "lang": "cn"
    },
    {
        "name": "pay_pay_type2",
        "value": "支付宝WAP支付",
        "site": "0",
        "array": "1",
        "app": "10080",
        "lang": "cn"
    },
    {
        "name": "pay_pay_type3",
        "value": "支付宝网页支付",
        "site": "0",
        "array": "1",
        "app": "10080",
        "lang": "cn"
    },
    {
        "name": "pay_pay_type4",
        "value": "银联b2c支付",
        "site": "0",
        "array": "1",
        "app": "10080",
        "lang": "cn"
    },
    {
        "name": "pay_pay_type5",
        "value": "PayPal支付",
        "site": "0",
        "array": "1",
        "app": "10080",
        "lang": "cn"
    },
    {
        "name": "pay_pay_type6",
        "value": "微信公众号付",
        "site": "0",
        "array": "1",
        "app": "10080",
        "lang": "cn"
    },
    {
        "name": "pay_pay_type7",
        "value": "微信H5支付",
        "site": "0",
        "array": "1",
        "app": "10080",
        "lang": "cn"
    },
    {
        "name": "pay_pay_type8",
        "value": "预留接口",
        "site": "0",
        "array": "1",
        "app": "10080",
        "lang": "cn"
    },
    {
        "name": "pay_pay_type9",
        "value": "银联b2b支付",
        "site": "0",
        "array": "1",
        "app": "10080",
        "lang": "cn"
    }
]