[
    {
        "name": "cancel",
        "value": "Cancel",
        "site": "1",
        "array": "0",
        "app": "10080",
        "lang": "en"
    },
    {
        "name": "time",
        "value": "Time",
        "site": "1",
        "array": "0",
        "app": "10080",
        "lang": "en"
    },
    {
        "name": "pay_payswitch",
        "value": "Payment switch",
        "site": "1",
        "array": "0",
        "app": "10080",
        "lang": "en"
    },
    {
        "name": "payapi",
        "value": "Payment Interface Management",
        "site": "1",
        "array": "0",
        "app": "10080",
        "lang": "en"
    },
    {
        "name": "pay_new",
        "value": "New",
        "site": "1",
        "array": "0",
        "app": "10080",
        "lang": "en"
    },
    {
        "name": "pay_course",
        "value": "Course",
        "site": "1",
        "array": "0",
        "app": "10080",
        "lang": "en"
    },
    {
        "name": "pay_merchantid",
        "value": "Merchant number",
        "site": "1",
        "array": "0",
        "app": "10080",
        "lang": "en"
    },
    {
        "name": "pay_financialdeta",
        "value": "Transaction Records",
        "site": "1",
        "array": "0",
        "app": "10080",
        "lang": "en"
    },
    {
        "name": "pay_management",
        "value": "System Configuration",
        "site": "1",
        "array": "0",
        "app": "10080",
        "lang": "en"
    },
    {
        "name": "pay_apimanage",
        "value": "Interface Management",
        "site": "1",
        "array": "0",
        "app": "10080",
        "lang": "en"
    },
    {
        "name": "pay_wxpay",
        "value": "Wechat pay",
        "site": "1",
        "array": "0",
        "app": "10080",
        "lang": "en"
    },
    {
        "name": "pay_alipaywappay",
        "value": "Alipay wap",
        "site": "1",
        "array": "0",
        "app": "10080",
        "lang": "en"
    },
    {
        "name": "pay_alipay",
        "value": "Alipay",
        "site": "1",
        "array": "0",
        "app": "10080",
        "lang": "en"
    },
    {
        "name": "pay_upayb2c",
        "value": "UnionPay B2C",
        "site": "1",
        "array": "0",
        "app": "10080",
        "lang": "en"
    },
    {
        "name": "pay_upayb2b",
        "value": "UnionPay B2B",
        "site": "1",
        "array": "0",
        "app": "10080",
        "lang": "en"
    },
    {
        "name": "pay_basiccongi",
        "value": "General information settings",
        "site": "1",
        "array": "0",
        "app": "10080",
        "lang": "en"
    },
    {
        "name": "pay_wxscan",
        "value": "WeChat scans",
        "site": "1",
        "array": "0",
        "app": "10080",
        "lang": "en"
    },
    {
        "name": "pay_wxJsApiPay",
        "value": "WeChat public account ID",
        "site": "1",
        "array": "0",
        "app": "10080",
        "lang": "en"
    },
    {
        "name": "pay_wxh5",
        "value": "Wechat phone H5",
        "site": "1",
        "array": "0",
        "app": "10080",
        "lang": "en"
    },
    {
        "name": "pay_wxapp_id",
        "value": "Pulic account ID",
        "site": "1",
        "array": "0",
        "app": "10080",
        "lang": "en"
    },
    {
        "name": "pay_wxapp_mchid",
        "value": "Merchant number",
        "site": "1",
        "array": "0",
        "app": "10080",
        "lang": "en"
    },
    {
        "name": "pay_wxapp_key",
        "value": "Merchant payment private key",
        "site": "1",
        "array": "0",
        "app": "10080",
        "lang": "en"
    },
    {
        "name": "pay_wxapp_secert",
        "value": "Public account setcert",
        "site": "1",
        "array": "0",
        "app": "10080",
        "lang": "en"
    },
    {
        "name": "pay_wxtips1",
        "value": "Merchant number",
        "site": "1",
        "array": "0",
        "app": "10080",
        "lang": "en"
    },
    {
        "name": "pay_wxtips2",
        "value": "Merchant payment private key，set according to the mail (must be configured, log in to the merchant platform to set it )",
        "site": "1",
        "array": "0",
        "app": "10080",
        "lang": "en"
    },
    {
        "name": "pay_wxtips3",
        "value": "Public account setcert(Only when pay with JSAPI , you need to configure it, log in to the public platform, and enter the developer center to set it)",
        "site": "1",
        "array": "0",
        "app": "10080",
        "lang": "en"
    },
    {
        "name": "pay_wxtips4",
        "value": "Pay with WeChat public account ,please press",
        "site": "1",
        "array": "0",
        "app": "10080",
        "lang": "en"
    },
    {
        "name": "pay_wxtips5",
        "value": "Set the authorization directory of  payment interface to",
        "site": "1",
        "array": "0",
        "app": "10080",
        "lang": "en"
    },
    {
        "name": "pay_wxtips6",
        "value": "Bind APPID of payment interface (must be configured, can be viewed in the account email)",
        "site": "1",
        "array": "0",
        "app": "10080",
        "lang": "en"
    },
    {
        "name": "pay_alipay_oldapiset",
        "value": "Old Alipay interface configuration",
        "site": "1",
        "array": "0",
        "app": "10080",
        "lang": "en"
    },
    {
        "name": "pay_alipay_app_partner",
        "value": "Partner ID",
        "site": "1",
        "array": "0",
        "app": "10080",
        "lang": "en"
    },
    {
        "name": "pay_alipay_tips1",
        "value": "Partner ID, 16-bit number starting with 2088",
        "site": "1",
        "array": "0",
        "app": "10080",
        "lang": "en"
    },
    {
        "name": "pay_alipay_app_seller_email",
        "value": "Alipay account for receiving money",
        "site": "1",
        "array": "0",
        "app": "10080",
        "lang": "en"
    },
    {
        "name": "pay_alipay_tips2",
        "value": "Alipay account for receiving money",
        "site": "1",
        "array": "0",
        "app": "10080",
        "lang": "en"
    },
    {
        "name": "pay_alipay_app_key",
        "value": "MD5 private key",
        "site": "1",
        "array": "0",
        "app": "10080",
        "lang": "en"
    },
    {
        "name": "pay_alipay_tips3",
        "value": "MD5 private key, 32-bit characters consisting of numbers and letters",
        "site": "1",
        "array": "0",
        "app": "10080",
        "lang": "en"
    },
    {
        "name": "pay_alipay_openset",
        "value": "Open platform configuration",
        "site": "1",
        "array": "0",
        "app": "10080",
        "lang": "en"
    },
    {
        "name": "pay_alipay_openset_tips1",
        "value": "Alipay open platform interface",
        "site": "1",
        "array": "0",
        "app": "10080",
        "lang": "en"
    },
    {
        "name": "pay_alipay_openset_tips2",
        "value": "Your server PHP version is",
        "site": "1",
        "array": "0",
        "app": "10080",
        "lang": "en"
    },
    {
        "name": "pay_alipay_openset_tips3",
        "value": ",need to upgrade it to 5.0 to 7.0 version",
        "site": "1",
        "array": "0",
        "app": "10080",
        "lang": "en"
    },
    {
        "name": "pay_alipay_openset_tips4",
        "value": ", your server does not open the openssll extension function. If you do not need Alipay WAP payment, you can only configure the old version of the payment interface.",
        "site": "1",
        "array": "0",
        "app": "10080",
        "lang": "en"
    },
    {
        "name": "pay_alipay_tips4",
        "value": "Alipay open platform payment interface requires php5.5 version and above. To use the Alipay wap website function, you need to go to the Alipay merchant platform to apply for and configure this interface",
        "site": "1",
        "array": "0",
        "app": "10080",
        "lang": "en"
    },
    {
        "name": "pay_alipay_private_key",
        "value": "Alipay merchant private key",
        "site": "1",
        "array": "0",
        "app": "10080",
        "lang": "en"
    },
    {
        "name": "pay_public_key",
        "value": "Alipay public key",
        "site": "1",
        "array": "0",
        "app": "10080",
        "lang": "en"
    },
    {
        "name": "pay_alipay_tips6",
        "value": "Alipay private key configuration address",
        "site": "1",
        "array": "0",
        "app": "10080",
        "lang": "en"
    },
    {
        "name": "pay_alipay_tips7",
        "value": "Alipay Private Key Generation Tool",
        "site": "1",
        "array": "0",
        "app": "10080",
        "lang": "en"
    },
    {
        "name": "pay_alipay_tips8",
        "value": "Get Alipay public key",
        "site": "1",
        "array": "0",
        "app": "10080",
        "lang": "en"
    },
    {
        "name": "pay_upay_merid",
        "value": "Merchant number",
        "site": "1",
        "array": "0",
        "app": "10080",
        "lang": "en"
    },
    {
        "name": "pay_upay_cert_path",
        "value": "Certificate path settings",
        "site": "1",
        "array": "0",
        "app": "10080",
        "lang": "en"
    },
    {
        "name": "pay_upay_tips1",
        "value": "Before uploading a certificate, please add \"pfx\" and \"cer\" as \"File format are allowed  to be uploaded\" in \"Security and Efficiency\"",
        "site": "1",
        "array": "0",
        "app": "10080",
        "lang": "en"
    },
    {
        "name": "pay_upay_tips2",
        "value": "After this switch is turned on, the test of UnionPay interface will be requested. The UnionPay account will not generate real transactions. This mode is only for testing. Please close it after the website is officially launched, and ensure that all configuration information is the official interface configuration information of UnionPay.",
        "site": "1",
        "array": "0",
        "app": "10080",
        "lang": "en"
    },
    {
        "name": "pay_upay_tips3",
        "value": "Before uploading the certificate,go to",
        "site": "1",
        "array": "0",
        "app": "10080",
        "lang": "en"
    },
    {
        "name": "pay_upay_tips4",
        "value": "Security and Efficiency",
        "site": "1",
        "array": "0",
        "app": "10080",
        "lang": "en"
    },
    {
        "name": "pay_upay_tips5",
        "value": "add \"pfx\" and \"cer\" as \"File format are allowed  to be uploaded\"",
        "site": "1",
        "array": "0",
        "app": "10080",
        "lang": "en"
    },
    {
        "name": "pay_upay_sign_cert_path",
        "value": "Merchant private key certificate",
        "site": "1",
        "array": "0",
        "app": "10080",
        "lang": "en"
    },
    {
        "name": "pay_upay_fpfx",
        "value": "Upload .pfx file",
        "site": "1",
        "array": "0",
        "app": "10080",
        "lang": "en"
    },
    {
        "name": "pay_upay_sign_cert_pwd",
        "value": "Password for signature",
        "site": "1",
        "array": "0",
        "app": "10080",
        "lang": "en"
    },
    {
        "name": "pay_test_mod",
        "value": "Test mode",
        "site": "1",
        "array": "0",
        "app": "10080",
        "lang": "en"
    },
    {
        "name": "pay_aipmodset",
        "value": "Interface Environment settings",
        "site": "1",
        "array": "0",
        "app": "10080",
        "lang": "en"
    },
    {
        "name": "pay_aiptype",
        "value": "Interface",
        "site": "1",
        "array": "0",
        "app": "10080",
        "lang": "en"
    },
    {
        "name": "pay_paypal_sandbox",
        "value": "SandBox Environment（SandBox）",
        "site": "1",
        "array": "0",
        "app": "10080",
        "lang": "en"
    },
    {
        "name": "pay_paypal_live",
        "value": "Production Environment（Live）",
        "site": "1",
        "array": "0",
        "app": "10080",
        "lang": "en"
    },
    {
        "name": "pay_paypal_liveset",
        "value": "Production Environment（Live）interface parameters",
        "site": "1",
        "array": "0",
        "app": "10080",
        "lang": "en"
    },
    {
        "name": "pay_paypal_sanboxset",
        "value": "SandBox Environment（SandBox） interface parameters",
        "site": "1",
        "array": "0",
        "app": "10080",
        "lang": "en"
    },
    {
        "name": "pay_paypal_usermail",
        "value": "Merchant Mailbox",
        "site": "1",
        "array": "0",
        "app": "10080",
        "lang": "en"
    },
    {
        "name": "pay_paypal_pass",
        "value": "Merchant password",
        "site": "1",
        "array": "0",
        "app": "10080",
        "lang": "en"
    },
    {
        "name": "pay_paypal_signature",
        "value": "Signature",
        "site": "1",
        "array": "0",
        "app": "10080",
        "lang": "en"
    },
    {
        "name": "pay_finance_in",
        "value": "Income",
        "site": "1",
        "array": "0",
        "app": "10080",
        "lang": "en"
    },
    {
        "name": "pay_finance_out",
        "value": "Expenditure",
        "site": "1",
        "array": "0",
        "app": "10080",
        "lang": "en"
    },
    {
        "name": "pay_price",
        "value": "Money",
        "site": "1",
        "array": "0",
        "app": "10080",
        "lang": "en"
    },
    {
        "name": "pay_nobalance",
        "value": "Have no enough money",
        "site": "1",
        "array": "0",
        "app": "10080",
        "lang": "en"
    },
    {
        "name": "pay_nouser",
        "value": "User doesn't exist",
        "site": "1",
        "array": "0",
        "app": "10080",
        "lang": "en"
    },
    {
        "name": "pay_screen",
        "value": "Filter",
        "site": "1",
        "array": "0",
        "app": "10080",
        "lang": "en"
    },
    {
        "name": "pay_till",
        "value": "to",
        "site": "1",
        "array": "0",
        "app": "10080",
        "lang": "en"
    },
    {
        "name": "pay_membername",
        "value": "Member name",
        "site": "1",
        "array": "0",
        "app": "10080",
        "lang": "en"
    },
    {
        "name": "pay_opuser",
        "value": "Operator",
        "site": "1",
        "array": "0",
        "app": "10080",
        "lang": "en"
    },
    {
        "name": "pay_reason",
        "value": "Cause",
        "site": "1",
        "array": "0",
        "app": "10080",
        "lang": "en"
    },
    {
        "name": "pay_paysuccess",
        "value": "Paid successfully",
        "site": "1",
        "array": "0",
        "app": "10080",
        "lang": "en"
    },
    {
        "name": "pay_payfailed",
        "value": "Payment failure",
        "site": "1",
        "array": "0",
        "app": "10080",
        "lang": "en"
    },
    {
        "name": "pay_coinprefix",
        "value": "Currency Symbol",
        "site": "1",
        "array": "0",
        "app": "10080",
        "lang": "en"
    },
    {
        "name": "pay_coinsuffix",
        "value": "Currency Unit",
        "site": "1",
        "array": "0",
        "app": "10080",
        "lang": "en"
    },
    {
        "name": "pay_tips1",
        "value": "Payment Reminder in member center",
        "site": "1",
        "array": "0",
        "app": "10080",
        "lang": "en"
    },
    {
        "name": "pay_tips2",
        "value": "The user needs to enable a payment method to obtain the parameters firstly,then set it here. Because of the security of the funds, the system does not support the third-party payment interface.",
        "site": "1",
        "array": "0",
        "app": "10080",
        "lang": "en"
    },
    {
        "name": "pay_weixin_help_title",
        "value": "Developer document about WeChat Pay and Wechat public account payment",
        "site": "1",
        "array": "0",
        "app": "10080",
        "lang": "en"
    }
]