{
    "pay_balance": {
        "id": {
            "Field": "id",
            "Type": "int(10)",
            "Collation": null,
            "Null": "NO",
            "Key": "PRI",
            "Default": null,
            "Extra": "auto_increment",
            "Privileges": "select,insert,update,references",
            "Comment": ""
        },
        "uid": {
            "Field": "uid",
            "Type": "int(11)",
            "Collation": null,
            "Null": "NO",
            "Key": "",
            "Default": null,
            "Extra": "",
            "Privileges": "select,insert,update,references",
            "Comment": "用户ID"
        },
        "username": {
            "Field": "username",
            "Type": "varchar(50)",
            "Collation": "utf8_general_ci",
            "Null": "NO",
            "Key": "",
            "Default": null,
            "Extra": "",
            "Privileges": "select,insert,update,references",
            "Comment": "用户名"
        },
        "goods_list": {
            "Field": "goods_list",
            "Type": "text",
            "Collation": "utf8_general_ci",
            "Null": "NO",
            "Key": "",
            "Default": null,
            "Extra": "",
            "Privileges": "select,insert,update,references",
            "Comment": "已购买商品列表"
        },
        "balance": {
            "Field": "balance",
            "Type": "double",
            "Collation": null,
            "Null": "NO",
            "Key": "",
            "Default": null,
            "Extra": "",
            "Privileges": "select,insert,update,references",
            "Comment": "余额"
        },
        "lang": {
            "Field": "lang",
            "Type": "varchar(50)",
            "Collation": "utf8_general_ci",
            "Null": "NO",
            "Key": "",
            "Default": null,
            "Extra": "",
            "Privileges": "select,insert,update,references",
            "Comment": "语言"
        }
    },
    "pay_config": {
        "id": {
            "Field": "id",
            "Type": "int(11)",
            "Collation": null,
            "Null": "NO",
            "Key": "PRI",
            "Default": null,
            "Extra": "auto_increment",
            "Privileges": "select,insert,update,references",
            "Comment": ""
        },
        "name": {
            "Field": "name",
            "Type": "varchar(255)",
            "Collation": "utf8_general_ci",
            "Null": "NO",
            "Key": "",
            "Default": null,
            "Extra": "",
            "Privileges": "select,insert,update,references",
            "Comment": ""
        },
        "value": {
            "Field": "value",
            "Type": "text",
            "Collation": "utf8_general_ci",
            "Null": "NO",
            "Key": "",
            "Default": null,
            "Extra": "",
            "Privileges": "select,insert,update,references",
            "Comment": ""
        },
        "mobile_value": {
            "Field": "mobile_value",
            "Type": "text",
            "Collation": "utf8_general_ci",
            "Null": "YES",
            "Key": "",
            "Default": null,
            "Extra": "",
            "Privileges": "select,insert,update,references",
            "Comment": ""
        },
        "columnid": {
            "Field": "columnid",
            "Type": "int(11)",
            "Collation": null,
            "Null": "YES",
            "Key": "",
            "Default": null,
            "Extra": "",
            "Privileges": "select,insert,update,references",
            "Comment": ""
        },
        "flashid": {
            "Field": "flashid",
            "Type": "int(11)",
            "Collation": null,
            "Null": "YES",
            "Key": "",
            "Default": null,
            "Extra": "",
            "Privileges": "select,insert,update,references",
            "Comment": ""
        },
        "lang": {
            "Field": "lang",
            "Type": "varchar(50)",
            "Collation": "utf8_general_ci",
            "Null": "NO",
            "Key": "",
            "Default": null,
            "Extra": "",
            "Privileges": "select,insert,update,references",
            "Comment": ""
        }
    },
    "pay_finance": {
        "id": {
            "Field": "id",
            "Type": "int(11)",
            "Collation": null,
            "Null": "NO",
            "Key": "PRI",
            "Default": null,
            "Extra": "auto_increment",
            "Privileges": "select,insert,update,references",
            "Comment": ""
        },
        "uid": {
            "Field": "uid",
            "Type": "int(11)",
            "Collation": null,
            "Null": "NO",
            "Key": "",
            "Default": null,
            "Extra": "",
            "Privileges": "select,insert,update,references",
            "Comment": "用户ID"
        },
        "username": {
            "Field": "username",
            "Type": "varchar(50)",
            "Collation": "utf8_general_ci",
            "Null": "NO",
            "Key": "",
            "Default": null,
            "Extra": "",
            "Privileges": "select,insert,update,references",
            "Comment": "用户名"
        },
        "appno": {
            "Field": "appno",
            "Type": "int(50) unsigned",
            "Collation": null,
            "Null": "NO",
            "Key": "",
            "Default": null,
            "Extra": "",
            "Privileges": "select,insert,update,references",
            "Comment": "引用编号"
        },
        "type": {
            "Field": "type",
            "Type": "int(11)",
            "Collation": null,
            "Null": "NO",
            "Key": "",
            "Default": null,
            "Extra": "",
            "Privileges": "select,insert,update,references",
            "Comment": "类型"
        },
        "reason": {
            "Field": "reason",
            "Type": "varchar(1000)",
            "Collation": "utf8_general_ci",
            "Null": "NO",
            "Key": "",
            "Default": null,
            "Extra": "",
            "Privileges": "select,insert,update,references",
            "Comment": "事由"
        },
        "price": {
            "Field": "price",
            "Type": "double",
            "Collation": null,
            "Null": "NO",
            "Key": "",
            "Default": null,
            "Extra": "",
            "Privileges": "select,insert,update,references",
            "Comment": "金额"
        },
        "balance": {
            "Field": "balance",
            "Type": "double",
            "Collation": null,
            "Null": "NO",
            "Key": "",
            "Default": null,
            "Extra": "",
            "Privileges": "select,insert,update,references",
            "Comment": "余额"
        },
        "addtime": {
            "Field": "addtime",
            "Type": "int(11)",
            "Collation": null,
            "Null": "NO",
            "Key": "",
            "Default": null,
            "Extra": "",
            "Privileges": "select,insert,update,references",
            "Comment": "添加时间"
        },
        "adminname": {
            "Field": "adminname",
            "Type": "varchar(50)",
            "Collation": "utf8_general_ci",
            "Null": "NO",
            "Key": "",
            "Default": null,
            "Extra": "",
            "Privileges": "select,insert,update,references",
            "Comment": "操作人"
        },
        "lang": {
            "Field": "lang",
            "Type": "varchar(50)",
            "Collation": "utf8_general_ci",
            "Null": "NO",
            "Key": "",
            "Default": null,
            "Extra": "",
            "Privileges": "select,insert,update,references",
            "Comment": "语言"
        }
    },
    "pay_order": {
        "id": {
            "Field": "id",
            "Type": "int(11)",
            "Collation": null,
            "Null": "NO",
            "Key": "PRI",
            "Default": null,
            "Extra": "auto_increment",
            "Privileges": "select,insert,update,references",
            "Comment": ""
        },
        "no": {
            "Field": "no",
            "Type": "int(11)",
            "Collation": null,
            "Null": "NO",
            "Key": "",
            "Default": null,
            "Extra": "",
            "Privileges": "select,insert,update,references",
            "Comment": "应用编号"
        },
        "callback_url": {
            "Field": "callback_url",
            "Type": "varchar(255)",
            "Collation": "utf8_general_ci",
            "Null": "NO",
            "Key": "",
            "Default": null,
            "Extra": "",
            "Privileges": "select,insert,update,references",
            "Comment": "支付完成跳转地址"
        },
        "sys_callback": {
            "Field": "sys_callback",
            "Type": "varchar(255)",
            "Collation": "utf8_general_ci",
            "Null": "NO",
            "Key": "",
            "Default": null,
            "Extra": "",
            "Privileges": "select,insert,update,references",
            "Comment": "系统回调"
        },
        "out_trade_no": {
            "Field": "out_trade_no",
            "Type": "varchar(32)",
            "Collation": "utf8_general_ci",
            "Null": "NO",
            "Key": "",
            "Default": null,
            "Extra": "",
            "Privileges": "select,insert,update,references",
            "Comment": "商户订单号"
        },
        "subject": {
            "Field": "subject",
            "Type": "varchar(255)",
            "Collation": "utf8_general_ci",
            "Null": "NO",
            "Key": "",
            "Default": null,
            "Extra": "",
            "Privileges": "select,insert,update,references",
            "Comment": "商品名称"
        },
        "product_id": {
            "Field": "product_id",
            "Type": "varchar(32)",
            "Collation": "utf8_general_ci",
            "Null": "YES",
            "Key": "",
            "Default": null,
            "Extra": "",
            "Privileges": "select,insert,update,references",
            "Comment": "商品ID"
        },
        "body": {
            "Field": "body",
            "Type": "varchar(128)",
            "Collation": "utf8_general_ci",
            "Null": "YES",
            "Key": "",
            "Default": null,
            "Extra": "",
            "Privileges": "select,insert,update,references",
            "Comment": "订单详情"
        },
        "goods_tag": {
            "Field": "goods_tag",
            "Type": "varchar(32)",
            "Collation": "utf8_general_ci",
            "Null": "YES",
            "Key": "",
            "Default": null,
            "Extra": "",
            "Privileges": "select,insert,update,references",
            "Comment": "商品标记"
        },
        "attach": {
            "Field": "attach",
            "Type": "varchar(500)",
            "Collation": "utf8_general_ci",
            "Null": "YES",
            "Key": "",
            "Default": null,
            "Extra": "",
            "Privileges": "select,insert,update,references",
            "Comment": "附加数据"
        },
        "show_url": {
            "Field": "show_url",
            "Type": "varchar(255)",
            "Collation": "utf8_general_ci",
            "Null": "YES",
            "Key": "",
            "Default": null,
            "Extra": "",
            "Privileges": "select,insert,update,references",
            "Comment": ""
        },
        "total_fee": {
            "Field": "total_fee",
            "Type": "decimal(9,2)",
            "Collation": null,
            "Null": "NO",
            "Key": "",
            "Default": null,
            "Extra": "",
            "Privileges": "select,insert,update,references",
            "Comment": "总金额"
        },
        "order_time": {
            "Field": "order_time",
            "Type": "datetime",
            "Collation": null,
            "Null": "NO",
            "Key": "",
            "Default": null,
            "Extra": "",
            "Privileges": "select,insert,update,references",
            "Comment": ""
        },
        "pay_time": {
            "Field": "pay_time",
            "Type": "datetime",
            "Collation": null,
            "Null": "YES",
            "Key": "",
            "Default": null,
            "Extra": "",
            "Privileges": "select,insert,update,references",
            "Comment": ""
        },
        "pay_type": {
            "Field": "pay_type",
            "Type": "int(1)",
            "Collation": null,
            "Null": "YES",
            "Key": "",
            "Default": null,
            "Extra": "",
            "Privileges": "select,insert,update,references",
            "Comment": "支付类型"
        },
        "callback": {
            "Field": "callback",
            "Type": "int(1)",
            "Collation": null,
            "Null": "YES",
            "Key": "",
            "Default": null,
            "Extra": "",
            "Privileges": "select,insert,update,references",
            "Comment": ""
        },
        "status": {
            "Field": "status",
            "Type": "int(1)",
            "Collation": null,
            "Null": "YES",
            "Key": "",
            "Default": null,
            "Extra": "",
            "Privileges": "select,insert,update,references",
            "Comment": "支付状态"
        },
        "uid": {
            "Field": "uid",
            "Type": "int(10)",
            "Collation": null,
            "Null": "NO",
            "Key": "",
            "Default": null,
            "Extra": "",
            "Privileges": "select,insert,update,references",
            "Comment": "用户ID"
        },
        "lang": {
            "Field": "lang",
            "Type": "varchar(50)",
            "Collation": "utf8_general_ci",
            "Null": "NO",
            "Key": "",
            "Default": null,
            "Extra": "",
            "Privileges": "select,insert,update,references",
            "Comment": ""
        },
        "balance": {
            "Field": "balance",
            "Type": "int(1) unsigned zerofill",
            "Collation": null,
            "Null": "YES",
            "Key": "",
            "Default": null,
            "Extra": "",
            "Privileges": "select,insert,update,references",
            "Comment": "余额支付 1账户充值  2账户消费"
        }
    },
    "pay_api": {
        "id": {
            "Field": "id",
            "Type": "int(11)",
            "Collation": null,
            "Null": "NO",
            "Key": "PRI",
            "Default": null,
            "Extra": "auto_increment",
            "Privileges": "select,insert,update,references",
            "Comment": ""
        },
        "name": {
            "Field": "name",
            "Type": "varchar(50)",
            "Collation": "utf8_general_ci",
            "Null": "NO",
            "Key": "",
            "Default": null,
            "Extra": "",
            "Privileges": "select,insert,update,references",
            "Comment": ""
        },
        "paytype": {
            "Field": "paytype",
            "Type": "varchar(255)",
            "Collation": "utf8_general_ci",
            "Null": "NO",
            "Key": "",
            "Default": null,
            "Extra": "",
            "Privileges": "select,insert,update,references",
            "Comment": ""
        },
        "value": {
            "Field": "value",
            "Type": "varchar(511)",
            "Collation": "utf8_general_ci",
            "Null": "NO",
            "Key": "",
            "Default": null,
            "Extra": "",
            "Privileges": "select,insert,update,references",
            "Comment": ""
        },
        "lang": {
            "Field": "lang",
            "Type": "varchar(50)",
            "Collation": "utf8_general_ci",
            "Null": "NO",
            "Key": "",
            "Default": null,
            "Extra": "",
            "Privileges": "select,insert,update,references",
            "Comment": ""
        }
    }
}