[
    {
        "name": "app_shop_guest_login",
        "value": "Go on as guest",
        "site": "0",
        "array": "1",
        "app": "10043",
        "lang": "en"
    },
    {
        "name": "app_shop_favorite_fail",
        "value": "Failture",
        "site": "0",
        "array": "1",
        "app": "10043",
        "lang": "en"
    },
    {
        "name": "app_shop_favorite_ok",
        "value": "Successfully",
        "site": "0",
        "array": "1",
        "app": "10043",
        "lang": "en"
    },
    {
        "name": "app_shop_nofavorites",
        "value": "No favorites",
        "site": "0",
        "array": "1",
        "app": "10043",
        "lang": "en"
    },
    {
        "name": "app_shop_favorite_expired",
        "value": "expired",
        "site": "0",
        "array": "1",
        "app": "10043",
        "lang": "en"
    },
    {
        "name": "app_shop_favorited",
        "value": "favorites",
        "site": "0",
        "array": "1",
        "app": "10043",
        "lang": "en"
    },
    {
        "name": "app_shop_favorite_add",
        "value": "add to favorites",
        "site": "0",
        "array": "1",
        "app": "10043",
        "lang": "en"
    },
    {
        "name": "app_shop_receiveok",
        "value": "Successfully",
        "site": "0",
        "array": "1",
        "app": "10043",
        "lang": "en"
    },
    {
        "name": "app_shop_canuser",
        "value": "Can be used",
        "site": "0",
        "array": "1",
        "app": "10043",
        "lang": "en"
    },
    {
        "name": "app_shop_receive_fail",
        "value": "Failture",
        "site": "0",
        "array": "1",
        "app": "10043",
        "lang": "en"
    },
    {
        "name": "app_shop_immediate_use",
        "value": "Use now",
        "site": "0",
        "array": "1",
        "app": "10043",
        "lang": "en"
    },
    {
        "name": "app_shop_immediate_receive",
        "value": "Get now",
        "site": "0",
        "array": "1",
        "app": "10043",
        "lang": "en"
    },
    {
        "name": "app_shop_sheet",
        "value": "piece",
        "site": "0",
        "array": "1",
        "app": "10043",
        "lang": "en"
    },
    {
        "name": "app_shop_receivelimit",
        "value": "each person only can get",
        "site": "0",
        "array": "1",
        "app": "10043",
        "lang": "en"
    },
    {
        "name": "app_shop_selectgoods_use",
        "value": "You can use coupons for the items",
        "site": "0",
        "array": "1",
        "app": "10043",
        "lang": "en"
    },
    {
        "name": "app_shop_nodiscounts",
        "value": "No coupons that meet the requirements",
        "site": "0",
        "array": "1",
        "app": "10043",
        "lang": "en"
    },
    {
        "name": "app_shop_overtime",
        "value": "expired",
        "site": "0",
        "array": "1",
        "app": "10043",
        "lang": "en"
    },
    {
        "name": "app_shop_used",
        "value": "Used",
        "site": "0",
        "array": "1",
        "app": "10043",
        "lang": "en"
    },
    {
        "name": "app_shop_receive",
        "value": "Not received",
        "site": "0",
        "array": "1",
        "app": "10043",
        "lang": "en"
    },
    {
        "name": "app_shop_received",
        "value": "Received",
        "site": "0",
        "array": "1",
        "app": "10043",
        "lang": "en"
    },
    {
        "name": "app_shop_discountname",
        "value": "coupons name",
        "site": "0",
        "array": "1",
        "app": "10043",
        "lang": "en"
    },
    {
        "name": "app_shop_notusediscount",
        "value": "Don't use coupons",
        "site": "0",
        "array": "1",
        "app": "10043",
        "lang": "en"
    },
    {
        "name": "app_shop_morediscount",
        "value": "more coupons",
        "site": "0",
        "array": "1",
        "app": "10043",
        "lang": "en"
    },
    {
        "name": "app_shop_paiderror",
        "value": "Payment failture",
        "site": "0",
        "array": "1",
        "app": "10043",
        "lang": "en"
    },
    {
        "name": "app_shop_paidok",
        "value": "paid successfully",
        "site": "0",
        "array": "1",
        "app": "10043",
        "lang": "en"
    },
    {
        "name": "app_shop_beingpaid",
        "value": "paying...",
        "site": "0",
        "array": "1",
        "app": "10043",
        "lang": "en"
    },
    {
        "name": "app_shop_scanpayment",
        "value": "Wechat scan",
        "site": "0",
        "array": "1",
        "app": "10043",
        "lang": "en"
    },
    {
        "name": "app_shop_invoicehead",
        "value": "Enter invoice title",
        "site": "0",
        "array": "1",
        "app": "10043",
        "lang": "en"
    },
    {
        "name": "app_shop_topaynow",
        "value": "Pay now",
        "site": "0",
        "array": "1",
        "app": "10043",
        "lang": "en"
    },
    {
        "name": "app_shop_order",
        "value": "Order",
        "site": "0",
        "array": "1",
        "app": "10043",
        "lang": "en"
    },
    {
        "name": "app_shop_noopaccess",
        "value": "You don't have permission to operate this order",
        "site": "0",
        "array": "1",
        "app": "10043",
        "lang": "en"
    },
    {
        "name": "app_shop_errornopay",
        "value": "System error,can't pay",
        "site": "0",
        "array": "1",
        "app": "10043",
        "lang": "en"
    },
    {
        "name": "app_shop_passno",
        "value": "Password error",
        "site": "0",
        "array": "1",
        "app": "10043",
        "lang": "en"
    },
    {
        "name": "app_shop_payok",
        "value": "Paid successfully!",
        "site": "0",
        "array": "1",
        "app": "10043",
        "lang": "en"
    },
    {
        "name": "app_shop_refund",
        "value": "Refunding…",
        "site": "0",
        "array": "1",
        "app": "10043",
        "lang": "en"
    },
    {
        "name": "app_shop_refund_tips1",
        "value": "The order contain virtual item,can't be canceled",
        "site": "0",
        "array": "1",
        "app": "10043",
        "lang": "en"
    },
    {
        "name": "app_shop_precmoney",
        "value": "Enter amount",
        "site": "0",
        "array": "1",
        "app": "10043",
        "lang": "en"
    },
    {
        "name": "app_shop_nosckpce",
        "value": "Item you ordered is out of stock or exceeded purchase limit!",
        "site": "0",
        "array": "1",
        "app": "10043",
        "lang": "en"
    },
    {
        "name": "app_shop_noaccess",
        "value": "You have no permission to view this order",
        "site": "0",
        "array": "1",
        "app": "10043",
        "lang": "en"
    },
    {
        "name": "app_shop_del",
        "value": "Delete",
        "site": "0",
        "array": "1",
        "app": "10043",
        "lang": "en"
    },
    {
        "name": "app_shop_lowpurchase",
        "value": "Item you ordered is exceeded purchase limit!",
        "site": "0",
        "array": "1",
        "app": "10043",
        "lang": "en"
    },
    {
        "name": "app_shop_lowstocks",
        "value": "Item you ordered is out of stock!",
        "site": "0",
        "array": "1",
        "app": "10043",
        "lang": "en"
    },
    {
        "name": "app_shop_success",
        "value": "operation successful",
        "site": "0",
        "array": "1",
        "app": "10043",
        "lang": "en"
    },
    {
        "name": "app_shop_delok",
        "value": "Deleted successfully",
        "site": "0",
        "array": "1",
        "app": "10043",
        "lang": "en"
    },
    {
        "name": "app_shop_saveok",
        "value": "Saved successfully",
        "site": "0",
        "array": "1",
        "app": "10043",
        "lang": "en"
    },
    {
        "name": "app_shop_error",
        "value": "Data error",
        "site": "0",
        "array": "1",
        "app": "10043",
        "lang": "en"
    },
    {
        "name": "app_shop_ordercenter",
        "value": "Order center",
        "site": "0",
        "array": "1",
        "app": "10043",
        "lang": "en"
    },
    {
        "name": "app_shop_rechargemoney",
        "value": "Amount",
        "site": "0",
        "array": "1",
        "app": "10043",
        "lang": "en"
    },
    {
        "name": "app_shop_reason",
        "value": "Cause",
        "site": "0",
        "array": "1",
        "app": "10043",
        "lang": "en"
    },
    {
        "name": "app_shop_money",
        "value": "amount of money",
        "site": "0",
        "array": "1",
        "app": "10043",
        "lang": "en"
    },
    {
        "name": "app_shop_time",
        "value": "Time",
        "site": "0",
        "array": "1",
        "app": "10043",
        "lang": "en"
    },
    {
        "name": "app_shop_accountrecharge",
        "value": "Recharge",
        "site": "0",
        "array": "1",
        "app": "10043",
        "lang": "en"
    },
    {
        "name": "app_shop_modifyinfo",
        "value": "Modify personal information",
        "site": "0",
        "array": "1",
        "app": "10043",
        "lang": "en"
    },
    {
        "name": "app_shop_consumer",
        "value": "Consumer details",
        "site": "0",
        "array": "1",
        "app": "10043",
        "lang": "en"
    },
    {
        "name": "app_shop_allorders",
        "value": "view all orders",
        "site": "0",
        "array": "1",
        "app": "10043",
        "lang": "en"
    },
    {
        "name": "app_shop_balance",
        "value": "Account Balance",
        "site": "0",
        "array": "1",
        "app": "10043",
        "lang": "en"
    },
    {
        "name": "app_shop_save",
        "value": "save",
        "site": "0",
        "array": "1",
        "app": "10043",
        "lang": "en"
    },
    {
        "name": "app_shop_consigneeaddress",
        "value": "Details address",
        "site": "0",
        "array": "1",
        "app": "10043",
        "lang": "en"
    },
    {
        "name": "app_shop_consigneetel",
        "value": "Receiver phone number",
        "site": "0",
        "array": "1",
        "app": "10043",
        "lang": "en"
    },
    {
        "name": "app_shop_consigneename",
        "value": "receiver name",
        "site": "0",
        "array": "1",
        "app": "10043",
        "lang": "en"
    },
    {
        "name": "app_shop_cancelorderok",
        "value": "Be sure to cancel order?",
        "site": "0",
        "array": "1",
        "app": "10043",
        "lang": "en"
    },
    {
        "name": "app_shop_paid",
        "value": "Payment amount",
        "site": "0",
        "array": "1",
        "app": "10043",
        "lang": "en"
    },
    {
        "name": "app_shop_modifyprice",
        "value": "Price increase \/ reduction",
        "site": "0",
        "array": "1",
        "app": "10043",
        "lang": "en"
    },
    {
        "name": "app_shop_discount",
        "value": "Discount",
        "site": "0",
        "array": "1",
        "app": "10043",
        "lang": "en"
    },
    {
        "name": "app_shop_freight",
        "value": "Freight",
        "site": "0",
        "array": "1",
        "app": "10043",
        "lang": "en"
    },
    {
        "name": "app_shop_messageabbr",
        "value": "Buyer message",
        "site": "0",
        "array": "1",
        "app": "10043",
        "lang": "en"
    },
    {
        "name": "app_shop_express",
        "value": "Shipping by express",
        "site": "0",
        "array": "1",
        "app": "10043",
        "lang": "en"
    },
    {
        "name": "app_shop_logisticsinfo",
        "value": "logistics information",
        "site": "0",
        "array": "1",
        "app": "10043",
        "lang": "en"
    },
    {
        "name": "app_shop_nologistics",
        "value": "Needn't to shipping",
        "site": "0",
        "array": "1",
        "app": "10043",
        "lang": "en"
    },
    {
        "name": "app_shop_complete",
        "value": "complete",
        "site": "0",
        "array": "1",
        "app": "10043",
        "lang": "en"
    },
    {
        "name": "app_shop_deliver",
        "value": "Shipping",
        "site": "0",
        "array": "1",
        "app": "10043",
        "lang": "en"
    },
    {
        "name": "app_shop_payment",
        "value": "pay",
        "site": "0",
        "array": "1",
        "app": "10043",
        "lang": "en"
    },
    {
        "name": "app_shop_placeorderabbr",
        "value": "order",
        "site": "0",
        "array": "1",
        "app": "10043",
        "lang": "en"
    },
    {
        "name": "app_shop_cancelorder",
        "value": "Cancel order",
        "site": "0",
        "array": "1",
        "app": "10043",
        "lang": "en"
    },
    {
        "name": "app_shop_noorders",
        "value": "No order that meet the requirements",
        "site": "0",
        "array": "1",
        "app": "10043",
        "lang": "en"
    },
    {
        "name": "app_shop_topay",
        "value": "Go to pay",
        "site": "0",
        "array": "1",
        "app": "10043",
        "lang": "en"
    },
    {
        "name": "app_shop_orderamount",
        "value": "order amount",
        "site": "0",
        "array": "1",
        "app": "10043",
        "lang": "en"
    },
    {
        "name": "app_shop_moreorder",
        "value": "more",
        "site": "0",
        "array": "1",
        "app": "10043",
        "lang": "en"
    },
    {
        "name": "app_shop_commodityname",
        "value": "Item name",
        "site": "0",
        "array": "1",
        "app": "10043",
        "lang": "en"
    },
    {
        "name": "app_shop_closed",
        "value": "Closed",
        "site": "0",
        "array": "1",
        "app": "10043",
        "lang": "en"
    },
    {
        "name": "app_shop_receipt",
        "value": "Waiting for receipt",
        "site": "0",
        "array": "1",
        "app": "10043",
        "lang": "en"
    },
    {
        "name": "app_shop_bepaid",
        "value": "waiting for payment",
        "site": "0",
        "array": "1",
        "app": "10043",
        "lang": "en"
    },
    {
        "name": "app_shop_allvalidorders",
        "value": "all valid orders",
        "site": "0",
        "array": "1",
        "app": "10043",
        "lang": "en"
    },
    {
        "name": "app_shop_loginpassword",
        "value": "Login password",
        "site": "0",
        "array": "1",
        "app": "10043",
        "lang": "en"
    },
    {
        "name": "app_shop_paybalance",
        "value": "pay with account balance",
        "site": "0",
        "array": "1",
        "app": "10043",
        "lang": "en"
    },
    {
        "name": "app_shop_paymod",
        "value": "Choose below the payment method to pay",
        "site": "0",
        "array": "1",
        "app": "10043",
        "lang": "en"
    },
    {
        "name": "app_shop_paytotal",
        "value": "Total amount payable",
        "site": "0",
        "array": "1",
        "app": "10043",
        "lang": "en"
    },
    {
        "name": "app_shop_receiving",
        "value": "Receipt information",
        "site": "0",
        "array": "1",
        "app": "10043",
        "lang": "en"
    },
    {
        "name": "app_shop_orderdetails",
        "value": "Order details",
        "site": "0",
        "array": "1",
        "app": "10043",
        "lang": "en"
    },
    {
        "name": "app_shop_ordernumber",
        "value": "Order number",
        "site": "0",
        "array": "1",
        "app": "10043",
        "lang": "en"
    },
    {
        "name": "app_shop_pleasepayment",
        "value": "Complete payment, cancel the order if timeout",
        "site": "0",
        "array": "1",
        "app": "10043",
        "lang": "en"
    },
    {
        "name": "app_shop_please",
        "value": "please",
        "site": "0",
        "array": "1",
        "app": "10043",
        "lang": "en"
    },
    {
        "name": "app_shop_ordersuccess",
        "value": "Submitted successfully! Go to pay",
        "site": "0",
        "array": "1",
        "app": "10043",
        "lang": "en"
    },
    {
        "name": "app_shop_freefreight",
        "value": "Free shipping",
        "site": "0",
        "array": "1",
        "app": "10043",
        "lang": "en"
    },
    {
        "name": "app_shop_pleaseaddress",
        "value": "Set receipt address",
        "site": "0",
        "array": "1",
        "app": "10043",
        "lang": "en"
    },
    {
        "name": "app_shop_placeorder",
        "value": "Submit Order",
        "site": "0",
        "array": "1",
        "app": "10043",
        "lang": "en"
    },
    {
        "name": "app_shop_message",
        "value": "leave a message for merchant",
        "site": "0",
        "array": "1",
        "app": "10043",
        "lang": "en"
    },
    {
        "name": "app_shop_return",
        "value": "go back",
        "site": "0",
        "array": "1",
        "app": "10043",
        "lang": "en"
    },
    {
        "name": "app_shop_invoicecontent",
        "value": "Invoice content",
        "site": "0",
        "array": "1",
        "app": "10043",
        "lang": "en"
    },
    {
        "name": "app_shop_need",
        "value": "need",
        "site": "0",
        "array": "1",
        "app": "10043",
        "lang": "en"
    },
    {
        "name": "app_shop_unwanted",
        "value": "No need",
        "site": "0",
        "array": "1",
        "app": "10043",
        "lang": "en"
    },
    {
        "name": "app_shop_invoice",
        "value": "Invoice",
        "site": "0",
        "array": "1",
        "app": "10043",
        "lang": "en"
    },
    {
        "name": "app_shop_delivery",
        "value": "Shipping method",
        "site": "0",
        "array": "1",
        "app": "10043",
        "lang": "en"
    },
    {
        "name": "app_shop_paymentcod",
        "value": "pay when receiving item",
        "site": "0",
        "array": "1",
        "app": "10043",
        "lang": "en"
    },
    {
        "name": "app_shop_paymentonline",
        "value": "Pay online",
        "site": "0",
        "array": "1",
        "app": "10043",
        "lang": "en"
    },
    {
        "name": "app_shop_paymentmod",
        "value": "Payment method",
        "site": "0",
        "array": "1",
        "app": "10043",
        "lang": "en"
    },
    {
        "name": "app_shop_addto",
        "value": "Add",
        "site": "0",
        "array": "1",
        "app": "10043",
        "lang": "en"
    },
    {
        "name": "app_shop_address",
        "value": "Receipt address",
        "site": "0",
        "array": "1",
        "app": "10043",
        "lang": "en"
    },
    {
        "name": "app_shop_oos",
        "value": "No stock",
        "site": "0",
        "array": "1",
        "app": "10043",
        "lang": "en"
    },
    {
        "name": "app_shop_errorrefresh",
        "value": "Data error,please refresh page",
        "site": "0",
        "array": "1",
        "app": "10043",
        "lang": "en"
    },
    {
        "name": "app_shop_operation",
        "value": "operation",
        "site": "0",
        "array": "1",
        "app": "10043",
        "lang": "en"
    },
    {
        "name": "app_shop_subtotal",
        "value": "subtotal",
        "site": "0",
        "array": "1",
        "app": "10043",
        "lang": "en"
    },
    {
        "name": "app_shop_price",
        "value": "price",
        "site": "0",
        "array": "1",
        "app": "10043",
        "lang": "en"
    },
    {
        "name": "app_shop_deleteok",
        "value": "Be sure to delete it?",
        "site": "0",
        "array": "1",
        "app": "10043",
        "lang": "en"
    },
    {
        "name": "app_shop_cancel",
        "value": "Cancel",
        "site": "0",
        "array": "1",
        "app": "10043",
        "lang": "en"
    },
    {
        "name": "app_shop_ok",
        "value": "Yes",
        "site": "0",
        "array": "1",
        "app": "10043",
        "lang": "en"
    },
    {
        "name": "app_shop_goshopping",
        "value": "go to shopping",
        "site": "0",
        "array": "1",
        "app": "10043",
        "lang": "en"
    },
    {
        "name": "app_shop_gosettlementabbr",
        "value": "go to checkout",
        "site": "0",
        "array": "1",
        "app": "10043",
        "lang": "en"
    },
    {
        "name": "app_shop_total",
        "value": "total",
        "site": "0",
        "array": "1",
        "app": "10043",
        "lang": "en"
    },
    {
        "name": "app_shop_checkall",
        "value": "Select all",
        "site": "0",
        "array": "1",
        "app": "10043",
        "lang": "en"
    },
    {
        "name": "app_shop_moregoods",
        "value": "Customers who bought this item also bought",
        "site": "0",
        "array": "1",
        "app": "10043",
        "lang": "en"
    },
    {
        "name": "app_shop_continue",
        "value": "go to shopping",
        "site": "0",
        "array": "1",
        "app": "10043",
        "lang": "en"
    },
    {
        "name": "app_shop_tocartok",
        "value": "Successful!",
        "site": "0",
        "array": "1",
        "app": "10043",
        "lang": "en"
    },
    {
        "name": "app_shop_gosettlement",
        "value": "go to cart page to checkout",
        "site": "0",
        "array": "1",
        "app": "10043",
        "lang": "en"
    },
    {
        "name": "app_shop_intotal",
        "value": "total",
        "site": "0",
        "array": "1",
        "app": "10043",
        "lang": "en"
    },
    {
        "name": "app_shop_commodity",
        "value": "Item",
        "site": "0",
        "array": "1",
        "app": "10043",
        "lang": "en"
    },
    {
        "name": "app_shop_cart",
        "value": "Cart",
        "site": "0",
        "array": "1",
        "app": "10043",
        "lang": "en"
    },
    {
        "name": "app_shop_mycart",
        "value": "My cart",
        "site": "0",
        "array": "1",
        "app": "10043",
        "lang": "en"
    },
    {
        "name": "app_shop_out",
        "value": "quit",
        "site": "0",
        "array": "1",
        "app": "10043",
        "lang": "en"
    },
    {
        "name": "app_shop_settings",
        "value": "Account settings",
        "site": "0",
        "array": "1",
        "app": "10043",
        "lang": "en"
    },
    {
        "name": "app_shop_myorder",
        "value": "My order",
        "site": "0",
        "array": "1",
        "app": "10043",
        "lang": "en"
    },
    {
        "name": "app_shop_personal",
        "value": "Mall center",
        "site": "0",
        "array": "1",
        "app": "10043",
        "lang": "en"
    },
    {
        "name": "app_shop_login",
        "value": "Log in",
        "site": "0",
        "array": "1",
        "app": "10043",
        "lang": "en"
    },
    {
        "name": "app_shop_register",
        "value": "Register",
        "site": "0",
        "array": "1",
        "app": "10043",
        "lang": "en"
    },
    {
        "name": "app_shop_emptycart",
        "value": "No item in cart",
        "site": "0",
        "array": "1",
        "app": "10043",
        "lang": "en"
    },
    {
        "name": "app_shop_recommend",
        "value": "Hot recommend",
        "site": "0",
        "array": "1",
        "app": "10043",
        "lang": "en"
    },
    {
        "name": "app_shop_details",
        "value": "Item details",
        "site": "0",
        "array": "1",
        "app": "10043",
        "lang": "en"
    },
    {
        "name": "app_shop_tocart",
        "value": "add to cart",
        "site": "0",
        "array": "1",
        "app": "10043",
        "lang": "en"
    },
    {
        "name": "app_shop_buyimmediately",
        "value": "Buy now",
        "site": "0",
        "array": "1",
        "app": "10043",
        "lang": "en"
    },
    {
        "name": "app_shop_number",
        "value": "quantity",
        "site": "0",
        "array": "1",
        "app": "10043",
        "lang": "en"
    },
    {
        "name": "app_shop_purchase",
        "value": "Each person only can buy",
        "site": "0",
        "array": "1",
        "app": "10043",
        "lang": "en"
    },
    {
        "name": "app_shop_piece",
        "value": "Piece",
        "site": "0",
        "array": "1",
        "app": "10043",
        "lang": "en"
    },
    {
        "name": "app_shop_stock",
        "value": "Stock",
        "site": "0",
        "array": "1",
        "app": "10043",
        "lang": "en"
    },
    {
        "name": "app_shop_original",
        "value": "Original price",
        "site": "0",
        "array": "1",
        "app": "10043",
        "lang": "en"
    },
    {
        "name": "app_shop_doreceipt",
        "value": "confirm receipt",
        "site": "0",
        "array": "1",
        "app": "10043",
        "lang": "en"
    },
    {
        "name": "app_shop_doreceipt_if",
        "value": "Do you confirm that you received it?",
        "site": "0",
        "array": "1",
        "app": "10043",
        "lang": "en"
    },
    {
        "name": "app_shop_allusers",
        "value": "All member",
        "site": "0",
        "array": "1",
        "app": "10043",
        "lang": "en"
    },
    {
        "name": "app_shop_exceeduser",
        "value": "get",
        "site": "0",
        "array": "1",
        "app": "10043",
        "lang": "en"
    },
    {
        "name": "app_shop_userange",
        "value": "range of use",
        "site": "0",
        "array": "1",
        "app": "10043",
        "lang": "en"
    },
    {
        "name": "app_shop_allgoods",
        "value": "All items",
        "site": "0",
        "array": "1",
        "app": "10043",
        "lang": "en"
    },
    {
        "name": "app_shop_selectgoods",
        "value": "designated Items",
        "site": "0",
        "array": "1",
        "app": "10043",
        "lang": "en"
    },
    {
        "name": "app_shop_express_noopen",
        "value": "Haven't open inquiry function",
        "site": "0",
        "array": "1",
        "app": "10043",
        "lang": "en"
    },
    {
        "name": "app_shop_finance_in",
        "value": "Income",
        "site": "0",
        "array": "1",
        "app": "10043",
        "lang": "en"
    },
    {
        "name": "app_shop_finance_out",
        "value": "Expenditure",
        "site": "0",
        "array": "1",
        "app": "10043",
        "lang": "en"
    },
    {
        "name": "app_shop_goods_noquery",
        "value": "Temporarily haven't open query function",
        "site": "0",
        "array": "1",
        "app": "10043",
        "lang": "en"
    },
    {
        "name": "app_shop_company_pay",
        "value": "pay with company bank card",
        "site": "0",
        "array": "1",
        "app": "10043",
        "lang": "en"
    },
    {
        "name": "app_shop_normal_invoice",
        "value": "Invoice",
        "site": "0",
        "array": "1",
        "app": "10043",
        "lang": "en"
    },
    {
        "name": "app_shop_online_invoice",
        "value": "Electronic invoice",
        "site": "0",
        "array": "1",
        "app": "10043",
        "lang": "en"
    },
    {
        "name": "app_shop_tax_invoice",
        "value": "Vat invoice",
        "site": "0",
        "array": "1",
        "app": "10043",
        "lang": "en"
    },
    {
        "name": "app_shop_nogoods",
        "value": "Refund because of no stock",
        "site": "0",
        "array": "1",
        "app": "10043",
        "lang": "en"
    },
    {
        "name": "app_shop_refund",
        "value": "Refunding…",
        "site": "0",
        "array": "1",
        "app": "10043",
        "lang": "en"
    },
    {
        "name": "app_shop_bedeliver",
        "value": "Pending",
        "site": "0",
        "array": "1",
        "app": "10043",
        "lang": "en"
    },
    {
        "name": "app_shop_over_deliver",
        "value": "Shipped",
        "site": "0",
        "array": "1",
        "app": "10043",
        "lang": "en"
    },
    {
        "name": "app_shop_order_over",
        "value": "Completed",
        "site": "0",
        "array": "1",
        "app": "10043",
        "lang": "en"
    },
    {
        "name": "app_shop_order_achieve",
        "value": "Up to",
        "site": "0",
        "array": "1",
        "app": "10043",
        "lang": "en"
    },
    {
        "name": "app_shop_order_reduce",
        "value": "off",
        "site": "0",
        "array": "1",
        "app": "10043",
        "lang": "en"
    },
    {
        "name": "app_shop_period_validity",
        "value": "Validity period",
        "site": "0",
        "array": "1",
        "app": "10043",
        "lang": "en"
    },
    {
        "name": "app_shop_usetime",
        "value": "Using time",
        "site": "0",
        "array": "1",
        "app": "10043",
        "lang": "en"
    },
    {
        "name": "app_shop_discountvalue",
        "value": "face value",
        "site": "0",
        "array": "1",
        "app": "10043",
        "lang": "en"
    },
    {
        "name": "app_shop_to",
        "value": "to",
        "site": "0",
        "array": "1",
        "app": "10043",
        "lang": "en"
    },
    {
        "name": "app_shop_hour",
        "value": "hour",
        "site": "0",
        "array": "1",
        "app": "10043",
        "lang": "en"
    },
    {
        "name": "app_shop_minute",
        "value": "minute",
        "site": "0",
        "array": "1",
        "app": "10043",
        "lang": "en"
    },
    {
        "name": "app_shop_online",
        "value": "Order online",
        "site": "0",
        "array": "1",
        "app": "10043",
        "lang": "en"
    },
    {
        "name": "app_shop_havepay",
        "value": "This order has been paid or closed !",
        "site": "0",
        "array": "1",
        "app": "10043",
        "lang": "en"
    },
    {
        "name": "app_shop_payinsufficient",
        "value": "Your balance is not enough. Click this link to recharge!",
        "site": "0",
        "array": "1",
        "app": "10043",
        "lang": "en"
    },
    {
        "name": "app_shop_receiveemail",
        "value": "Receiving mailbox",
        "site": "0",
        "array": "1",
        "app": "10043",
        "lang": "en"
    },
    {
        "name": "app_shop_receiveemail_prompt",
        "value": "Used to receive account information",
        "site": "0",
        "array": "1",
        "app": "10043",
        "lang": "en"
    },
    {
        "name": "app_shop_instructions",
        "value": "Instructions",
        "site": "0",
        "array": "1",
        "app": "10043",
        "lang": "en"
    },
    {
        "name": "app_shop_clickview",
        "value": "more",
        "site": "0",
        "array": "1",
        "app": "10043",
        "lang": "en"
    },
    {
        "name": "app_shop_searchfail",
        "value": "Query failture,please contact webmaster",
        "site": "0",
        "array": "1",
        "app": "10043",
        "lang": "en"
    },
    {
        "name": "app_shop_needlogin",
        "value": "Log in",
        "site": "0",
        "array": "1",
        "app": "10043",
        "lang": "en"
    },
    {
        "name": "app_shop_buy",
        "value": "Buy",
        "site": "0",
        "array": "1",
        "app": "10043",
        "lang": "en"
    },
    {
        "name": "app_shop_myfavorite",
        "value": "My favorites",
        "site": "0",
        "array": "1",
        "app": "10043",
        "lang": "en"
    },
    {
        "name": "app_shop_mydiscount",
        "value": "My coupons",
        "site": "0",
        "array": "1",
        "app": "10043",
        "lang": "en"
    },
    {
        "name": "app_shop_myaddress",
        "value": "Receipt address",
        "site": "0",
        "array": "1",
        "app": "10043",
        "lang": "en"
    },
    {
        "name": "app_shop_logistics_schedule",
        "value": "Logistics progress",
        "site": "0",
        "array": "1",
        "app": "10043",
        "lang": "en"
    },
    {
        "name": "app_shop_choosepara",
        "value": "Select the full option",
        "site": "0",
        "array": "1",
        "app": "10043",
        "lang": "en"
    },
    {
        "name": "app_shop_lowstocks_min",
        "value": "No enough stock",
        "site": "0",
        "array": "1",
        "app": "10043",
        "lang": "en"
    },
    {
        "name": "app_shop_creditcode",
        "value": "Enter a credit code",
        "site": "0",
        "array": "1",
        "app": "10043",
        "lang": "en"
    },
    {
        "name": "app_shop_payinterface_error",
        "value": "Payment interface error,please contact webmaster",
        "site": "0",
        "array": "1",
        "app": "10043",
        "lang": "en"
    },
    {
        "name": "app_shop_pay_type_off",
        "value": "The merchant has not opened any payment method",
        "site": "0",
        "array": "1",
        "app": "10043",
        "lang": "en"
    },
    {
        "name": "app_shop_refund_reason",
        "value": "reason of return and exchange",
        "site": "0",
        "array": "1",
        "app": "10043",
        "lang": "en"
    },
    {
        "name": "app_shop_cancel_reason",
        "value": "reason of canceling order",
        "site": "0",
        "array": "1",
        "app": "10043",
        "lang": "en"
    },
    {
        "name": "app_shop_reason_detail",
        "value": "Reason details",
        "site": "0",
        "array": "1",
        "app": "10043",
        "lang": "en"
    },
    {
        "name": "app_shop_refund_converse",
        "value": "message record about return",
        "site": "0",
        "array": "1",
        "app": "10043",
        "lang": "en"
    },
    {
        "name": "app_shop_echo",
        "value": "reply",
        "site": "0",
        "array": "1",
        "app": "10043",
        "lang": "en"
    },
    {
        "name": "app_shop_leaving_message",
        "value": "Leave a message",
        "site": "0",
        "array": "1",
        "app": "10043",
        "lang": "en"
    },
    {
        "name": "app_shop_select_cancel_reason",
        "value": "Select a reason of canceling order",
        "site": "0",
        "array": "1",
        "app": "10043",
        "lang": "en"
    },
    {
        "name": "app_shop_refund_refund_reason",
        "value": "Select a reason of return and exchange",
        "site": "0",
        "array": "1",
        "app": "10043",
        "lang": "en"
    },
    {
        "name": "app_shop_order_cancel",
        "value": "Cancel order",
        "site": "0",
        "array": "1",
        "app": "10043",
        "lang": "en"
    },
    {
        "name": "app_shop_order_refund",
        "value": "apply for return and exchange",
        "site": "0",
        "array": "1",
        "app": "10043",
        "lang": "en"
    },
    {
        "name": "app_shop_order_refunding",
        "value": "Return and exchange",
        "site": "0",
        "array": "1",
        "app": "10043",
        "lang": "en"
    },
    {
        "name": "app_shop_card_gain_fail",
        "value": "Failture",
        "site": "0",
        "array": "1",
        "app": "10043",
        "lang": "en"
    },
    {
        "name": "app_shop_card_gain_success",
        "value": "Get successfully",
        "site": "0",
        "array": "1",
        "app": "10043",
        "lang": "en"
    },
    {
        "name": "app_shop_order_free",
        "value": "Buy any item,money off",
        "site": "0",
        "array": "1",
        "app": "10043",
        "lang": "en"
    },
    {
        "name": "app_shop_order_free_tips1",
        "value": "Up to",
        "site": "0",
        "array": "1",
        "app": "10043",
        "lang": "en"
    },
    {
        "name": "app_shop_order_free_tips2",
        "value": "pieces，off",
        "site": "0",
        "array": "1",
        "app": "10043",
        "lang": "en"
    },
    {
        "name": "app_shop_email_content1",
        "value": "congratulations that you become",
        "site": "0",
        "array": "1",
        "app": "10043",
        "lang": "en"
    },
    {
        "name": "app_shop_email_content2",
        "value": "new member，and thank you for",
        "site": "0",
        "array": "1",
        "app": "10043",
        "lang": "en"
    },
    {
        "name": "app_shop_email_content3",
        "value": "Attention and support and welcome to use our products and services",
        "site": "0",
        "array": "1",
        "app": "10043",
        "lang": "en"
    },
    {
        "name": "app_shop_email_content4",
        "value": "Login address",
        "site": "0",
        "array": "1",
        "app": "10043",
        "lang": "en"
    },
    {
        "name": "app_shop_email_content5",
        "value": "Login account",
        "site": "0",
        "array": "1",
        "app": "10043",
        "lang": "en"
    },
    {
        "name": "app_shop_email_content6",
        "value": "Login password",
        "site": "0",
        "array": "1",
        "app": "10043",
        "lang": "en"
    },
    {
        "name": "app_shop_email_title",
        "value": "Automatically register for an account and password",
        "site": "0",
        "array": "1",
        "app": "10043",
        "lang": "en"
    },
    {
        "name": "app_shop_order_by_type1",
        "value": "Integrated sort",
        "site": "0",
        "array": "1",
        "app": "10043",
        "lang": "en"
    },
    {
        "name": "app_shop_order_by_type2",
        "value": "Sales",
        "site": "0",
        "array": "1",
        "app": "10043",
        "lang": "en"
    },
    {
        "name": "app_shop_order_by_type3",
        "value": "Price",
        "site": "0",
        "array": "1",
        "app": "10043",
        "lang": "en"
    },
    {
        "name": "app_shop_img_upload",
        "value": "Upload picture",
        "site": "0",
        "array": "1",
        "app": "10043",
        "lang": "en"
    },
    {
        "name": "app_shop_disc_man",
        "value": "Up to",
        "site": "0",
        "array": "1",
        "app": "10043",
        "lang": "en"
    },
    {
        "name": "app_shop_disc_jian",
        "value": "Piece",
        "site": "0",
        "array": "1",
        "app": "10043",
        "lang": "en"
    },
    {
        "name": "app_shop_disc_zhe",
        "value": "Discount",
        "site": "0",
        "array": "1",
        "app": "10043",
        "lang": "en"
    },
    {
        "name": "app_shop_disc_orderfree",
        "value": "User buy any item,money off",
        "site": "0",
        "array": "1",
        "app": "10043",
        "lang": "en"
    },
    {
        "name": "app_shop_order_card",
        "value": "Shipping codes",
        "site": "0",
        "array": "1",
        "app": "10043",
        "lang": "en"
    },
    {
        "name": "app_shop_order_extracting_code",
        "value": "Extract shipping code",
        "site": "0",
        "array": "1",
        "app": "10043",
        "lang": "en"
    },
    {
        "name": "app_shop_no_address",
        "value": "No receipt address,please add it",
        "site": "0",
        "array": "1",
        "app": "10043",
        "lang": "en"
    },
    {
        "name": "app_shop_adminstrator",
        "value": "Administrator",
        "site": "0",
        "array": "1",
        "app": "10043",
        "lang": "en"
    },
    {
        "name": "app_shop_receive_albe",
        "value": "vaild",
        "site": "0",
        "array": "1",
        "app": "10043",
        "lang": "en"
    },
    {
        "name": "app_shop_remind_title",
        "value": "You have new order,please check it on background",
        "site": "0",
        "array": "1",
        "app": "10043",
        "lang": "en"
    },
    {
        "name": "app_shop_remind_row1",
        "value": "Address",
        "site": "0",
        "array": "1",
        "app": "10043",
        "lang": "en"
    },
    {
        "name": "app_shop_remind_row2",
        "value": "Order number",
        "site": "0",
        "array": "1",
        "app": "10043",
        "lang": "en"
    },
    {
        "name": "app_shop_remind_row3",
        "value": "Item",
        "site": "0",
        "array": "1",
        "app": "10043",
        "lang": "en"
    },
    {
        "name": "app_shop_remind_row4",
        "value": "Price",
        "site": "0",
        "array": "1",
        "app": "10043",
        "lang": "en"
    },
    {
        "name": "app_shop_remind_row5",
        "value": "User name",
        "site": "0",
        "array": "1",
        "app": "10043",
        "lang": "en"
    },
    {
        "name": "app_shop_remind_row6",
        "value": "Phone number",
        "site": "0",
        "array": "1",
        "app": "10043",
        "lang": "en"
    },
    {
        "name": "app_shop_click_show_detail",
        "value": "More",
        "site": "0",
        "array": "1",
        "app": "10043",
        "lang": "en"
    }
]