[
    {
        "name": "app_shop_guest_login",
        "value": "以游客身份继续",
        "site": "0",
        "array": "1",
        "app": "10043",
        "lang": "cn"
    },
    {
        "name": "app_shop_favorite_fail",
        "value": "收藏失败",
        "site": "0",
        "array": "1",
        "app": "10043",
        "lang": "cn"
    },
    {
        "name": "app_shop_favorite_ok",
        "value": "收藏成功",
        "site": "0",
        "array": "1",
        "app": "10043",
        "lang": "cn"
    },
    {
        "name": "app_shop_nofavorites",
        "value": "没有收藏",
        "site": "0",
        "array": "1",
        "app": "10043",
        "lang": "cn"
    },
    {
        "name": "app_shop_favorite_expired",
        "value": "已失效",
        "site": "0",
        "array": "1",
        "app": "10043",
        "lang": "cn"
    },
    {
        "name": "app_shop_favorited",
        "value": "已收藏",
        "site": "0",
        "array": "1",
        "app": "10043",
        "lang": "cn"
    },
    {
        "name": "app_shop_favorite_add",
        "value": "加入收藏",
        "site": "0",
        "array": "1",
        "app": "10043",
        "lang": "cn"
    },
    {
        "name": "app_shop_receiveok",
        "value": "领取成功！",
        "site": "0",
        "array": "1",
        "app": "10043",
        "lang": "cn"
    },
    {
        "name": "app_shop_canuser",
        "value": "可以使用",
        "site": "0",
        "array": "1",
        "app": "10043",
        "lang": "cn"
    },
    {
        "name": "app_shop_receive_fail",
        "value": "领取失败",
        "site": "0",
        "array": "1",
        "app": "10043",
        "lang": "cn"
    },
    {
        "name": "app_shop_immediate_use",
        "value": "立即使用",
        "site": "0",
        "array": "1",
        "app": "10043",
        "lang": "cn"
    },
    {
        "name": "app_shop_immediate_receive",
        "value": "立即领取",
        "site": "0",
        "array": "1",
        "app": "10043",
        "lang": "cn"
    },
    {
        "name": "app_shop_sheet",
        "value": "张",
        "site": "0",
        "array": "1",
        "app": "10043",
        "lang": "cn"
    },
    {
        "name": "app_shop_receivelimit",
        "value": "每人限领",
        "site": "0",
        "array": "1",
        "app": "10043",
        "lang": "cn"
    },
    {
        "name": "app_shop_selectgoods_use",
        "value": "这些商品可使用本优惠券",
        "site": "0",
        "array": "1",
        "app": "10043",
        "lang": "cn"
    },
    {
        "name": "app_shop_nodiscounts",
        "value": "没有符合条件的优惠券",
        "site": "0",
        "array": "1",
        "app": "10043",
        "lang": "cn"
    },
    {
        "name": "app_shop_overtime",
        "value": "已过期",
        "site": "0",
        "array": "1",
        "app": "10043",
        "lang": "cn"
    },
    {
        "name": "app_shop_used",
        "value": "已使用",
        "site": "0",
        "array": "1",
        "app": "10043",
        "lang": "cn"
    },
    {
        "name": "app_shop_receive",
        "value": "待领取",
        "site": "0",
        "array": "1",
        "app": "10043",
        "lang": "cn"
    },
    {
        "name": "app_shop_received",
        "value": "已领取",
        "site": "0",
        "array": "1",
        "app": "10043",
        "lang": "cn"
    },
    {
        "name": "app_shop_discountname",
        "value": "优惠券名",
        "site": "0",
        "array": "1",
        "app": "10043",
        "lang": "cn"
    },
    {
        "name": "app_shop_notusediscount",
        "value": "不使用优惠",
        "site": "0",
        "array": "1",
        "app": "10043",
        "lang": "cn"
    },
    {
        "name": "app_shop_morediscount",
        "value": "查看更多优惠券",
        "site": "0",
        "array": "1",
        "app": "10043",
        "lang": "cn"
    },
    {
        "name": "app_shop_paiderror",
        "value": "支付失败",
        "site": "0",
        "array": "1",
        "app": "10043",
        "lang": "cn"
    },
    {
        "name": "app_shop_paidok",
        "value": "支付成功",
        "site": "0",
        "array": "1",
        "app": "10043",
        "lang": "cn"
    },
    {
        "name": "app_shop_beingpaid",
        "value": "正在支付...",
        "site": "0",
        "array": "1",
        "app": "10043",
        "lang": "cn"
    },
    {
        "name": "app_shop_scanpayment",
        "value": "微信扫码支付",
        "site": "0",
        "array": "1",
        "app": "10043",
        "lang": "cn"
    },
    {
        "name": "app_shop_invoicehead",
        "value": "请输入发票抬头",
        "site": "0",
        "array": "1",
        "app": "10043",
        "lang": "cn"
    },
    {
        "name": "app_shop_topaynow",
        "value": "立即付款",
        "site": "0",
        "array": "1",
        "app": "10043",
        "lang": "cn"
    },
    {
        "name": "app_shop_order",
        "value": "订单",
        "site": "0",
        "array": "1",
        "app": "10043",
        "lang": "cn"
    },
    {
        "name": "app_shop_noopaccess",
        "value": "您没有权限操作此订单",
        "site": "0",
        "array": "1",
        "app": "10043",
        "lang": "cn"
    },
    {
        "name": "app_shop_errornopay",
        "value": "系统出错，无法付款！",
        "site": "0",
        "array": "1",
        "app": "10043",
        "lang": "cn"
    },
    {
        "name": "app_shop_passno",
        "value": "密码错误",
        "site": "0",
        "array": "1",
        "app": "10043",
        "lang": "cn"
    },
    {
        "name": "app_shop_payok",
        "value": "付款成功！",
        "site": "0",
        "array": "1",
        "app": "10043",
        "lang": "cn"
    },
    {
        "name": "app_shop_refund",
        "value": "订单退款",
        "site": "0",
        "array": "1",
        "app": "10043",
        "lang": "cn"
    },
    {
        "name": "app_shop_refund_tips1",
        "value": "订单包含虚拟商品，不能取消",
        "site": "0",
        "array": "1",
        "app": "10043",
        "lang": "cn"
    },
    {
        "name": "app_shop_precmoney",
        "value": "请输入充值金额！",
        "site": "0",
        "array": "1",
        "app": "10043",
        "lang": "cn"
    },
    {
        "name": "app_shop_nosckpce",
        "value": "您所订购的商品缺货或者超过订购限额",
        "site": "0",
        "array": "1",
        "app": "10043",
        "lang": "cn"
    },
    {
        "name": "app_shop_noaccess",
        "value": "您无权限查看此订单",
        "site": "0",
        "array": "1",
        "app": "10043",
        "lang": "cn"
    },
    {
        "name": "app_shop_del",
        "value": "删除",
        "site": "0",
        "array": "1",
        "app": "10043",
        "lang": "cn"
    },
    {
        "name": "app_shop_lowpurchase",
        "value": "您订购的商品超过限购！",
        "site": "0",
        "array": "1",
        "app": "10043",
        "lang": "cn"
    },
    {
        "name": "app_shop_lowstocks",
        "value": "您订购的商品库存不足！",
        "site": "0",
        "array": "1",
        "app": "10043",
        "lang": "cn"
    },
    {
        "name": "app_shop_success",
        "value": "操作成功",
        "site": "0",
        "array": "1",
        "app": "10043",
        "lang": "cn"
    },
    {
        "name": "app_shop_delok",
        "value": "删除成功",
        "site": "0",
        "array": "1",
        "app": "10043",
        "lang": "cn"
    },
    {
        "name": "app_shop_saveok",
        "value": "保存成功",
        "site": "0",
        "array": "1",
        "app": "10043",
        "lang": "cn"
    },
    {
        "name": "app_shop_error",
        "value": "数据错误",
        "site": "0",
        "array": "1",
        "app": "10043",
        "lang": "cn"
    },
    {
        "name": "app_shop_ordercenter",
        "value": "订单中心",
        "site": "0",
        "array": "1",
        "app": "10043",
        "lang": "cn"
    },
    {
        "name": "app_shop_rechargemoney",
        "value": "充值金额",
        "site": "0",
        "array": "1",
        "app": "10043",
        "lang": "cn"
    },
    {
        "name": "app_shop_reason",
        "value": "事由",
        "site": "0",
        "array": "1",
        "app": "10043",
        "lang": "cn"
    },
    {
        "name": "app_shop_money",
        "value": "金额",
        "site": "0",
        "array": "1",
        "app": "10043",
        "lang": "cn"
    },
    {
        "name": "app_shop_time",
        "value": "时间",
        "site": "0",
        "array": "1",
        "app": "10043",
        "lang": "cn"
    },
    {
        "name": "app_shop_accountrecharge",
        "value": "账户充值",
        "site": "0",
        "array": "1",
        "app": "10043",
        "lang": "cn"
    },
    {
        "name": "app_shop_modifyinfo",
        "value": "修改个人信息",
        "site": "0",
        "array": "1",
        "app": "10043",
        "lang": "cn"
    },
    {
        "name": "app_shop_consumer",
        "value": "消费明细",
        "site": "0",
        "array": "1",
        "app": "10043",
        "lang": "cn"
    },
    {
        "name": "app_shop_allorders",
        "value": "查看所有订单",
        "site": "0",
        "array": "1",
        "app": "10043",
        "lang": "cn"
    },
    {
        "name": "app_shop_balance",
        "value": "账户余额",
        "site": "0",
        "array": "1",
        "app": "10043",
        "lang": "cn"
    },
    {
        "name": "app_shop_save",
        "value": "保存",
        "site": "0",
        "array": "1",
        "app": "10043",
        "lang": "cn"
    },
    {
        "name": "app_shop_consigneeaddress",
        "value": "详细地址",
        "site": "0",
        "array": "1",
        "app": "10043",
        "lang": "cn"
    },
    {
        "name": "app_shop_consigneetel",
        "value": "收货人电话",
        "site": "0",
        "array": "1",
        "app": "10043",
        "lang": "cn"
    },
    {
        "name": "app_shop_consigneename",
        "value": "收货人姓名",
        "site": "0",
        "array": "1",
        "app": "10043",
        "lang": "cn"
    },
    {
        "name": "app_shop_cancelorderok",
        "value": "确定要取消订单吗?",
        "site": "0",
        "array": "1",
        "app": "10043",
        "lang": "cn"
    },
    {
        "name": "app_shop_paid",
        "value": "实付金额",
        "site": "0",
        "array": "1",
        "app": "10043",
        "lang": "cn"
    },
    {
        "name": "app_shop_modifyprice",
        "value": "涨价\/减免",
        "site": "0",
        "array": "1",
        "app": "10043",
        "lang": "cn"
    },
    {
        "name": "app_shop_discount",
        "value": "优惠",
        "site": "0",
        "array": "1",
        "app": "10043",
        "lang": "cn"
    },
    {
        "name": "app_shop_freight",
        "value": "运费",
        "site": "0",
        "array": "1",
        "app": "10043",
        "lang": "cn"
    },
    {
        "name": "app_shop_messageabbr",
        "value": "买家留言",
        "site": "0",
        "array": "1",
        "app": "10043",
        "lang": "cn"
    },
    {
        "name": "app_shop_express",
        "value": "快递配送",
        "site": "0",
        "array": "1",
        "app": "10043",
        "lang": "cn"
    },
    {
        "name": "app_shop_logisticsinfo",
        "value": "物流信息",
        "site": "0",
        "array": "1",
        "app": "10043",
        "lang": "cn"
    },
    {
        "name": "app_shop_nologistics",
        "value": "无需物流",
        "site": "0",
        "array": "1",
        "app": "10043",
        "lang": "cn"
    },
    {
        "name": "app_shop_complete",
        "value": "完成",
        "site": "0",
        "array": "1",
        "app": "10043",
        "lang": "cn"
    },
    {
        "name": "app_shop_deliver",
        "value": "发货",
        "site": "0",
        "array": "1",
        "app": "10043",
        "lang": "cn"
    },
    {
        "name": "app_shop_payment",
        "value": "付款",
        "site": "0",
        "array": "1",
        "app": "10043",
        "lang": "cn"
    },
    {
        "name": "app_shop_placeorderabbr",
        "value": "下单",
        "site": "0",
        "array": "1",
        "app": "10043",
        "lang": "cn"
    },
    {
        "name": "app_shop_cancelorder",
        "value": "取消订单",
        "site": "0",
        "array": "1",
        "app": "10043",
        "lang": "cn"
    },
    {
        "name": "app_shop_noorders",
        "value": "没有符合条件的订单",
        "site": "0",
        "array": "1",
        "app": "10043",
        "lang": "cn"
    },
    {
        "name": "app_shop_topay",
        "value": "去付款",
        "site": "0",
        "array": "1",
        "app": "10043",
        "lang": "cn"
    },
    {
        "name": "app_shop_orderamount",
        "value": "订单金额",
        "site": "0",
        "array": "1",
        "app": "10043",
        "lang": "cn"
    },
    {
        "name": "app_shop_moreorder",
        "value": "查看更多订单",
        "site": "0",
        "array": "1",
        "app": "10043",
        "lang": "cn"
    },
    {
        "name": "app_shop_commodityname",
        "value": "商品名称",
        "site": "0",
        "array": "1",
        "app": "10043",
        "lang": "cn"
    },
    {
        "name": "app_shop_closed",
        "value": "已关闭",
        "site": "0",
        "array": "1",
        "app": "10043",
        "lang": "cn"
    },
    {
        "name": "app_shop_receipt",
        "value": "待收货",
        "site": "0",
        "array": "1",
        "app": "10043",
        "lang": "cn"
    },
    {
        "name": "app_shop_bepaid",
        "value": "待支付",
        "site": "0",
        "array": "1",
        "app": "10043",
        "lang": "cn"
    },
    {
        "name": "app_shop_allvalidorders",
        "value": "全部有效订单",
        "site": "0",
        "array": "1",
        "app": "10043",
        "lang": "cn"
    },
    {
        "name": "app_shop_loginpassword",
        "value": "登录密码",
        "site": "0",
        "array": "1",
        "app": "10043",
        "lang": "cn"
    },
    {
        "name": "app_shop_paybalance",
        "value": "余额支付",
        "site": "0",
        "array": "1",
        "app": "10043",
        "lang": "cn"
    },
    {
        "name": "app_shop_paymod",
        "value": "选择以下支付方式付款",
        "site": "0",
        "array": "1",
        "app": "10043",
        "lang": "cn"
    },
    {
        "name": "app_shop_paytotal",
        "value": "应付总额",
        "site": "0",
        "array": "1",
        "app": "10043",
        "lang": "cn"
    },
    {
        "name": "app_shop_receiving",
        "value": "收货信息",
        "site": "0",
        "array": "1",
        "app": "10043",
        "lang": "cn"
    },
    {
        "name": "app_shop_orderdetails",
        "value": "订单详情",
        "site": "0",
        "array": "1",
        "app": "10043",
        "lang": "cn"
    },
    {
        "name": "app_shop_ordernumber",
        "value": "订单号",
        "site": "0",
        "array": "1",
        "app": "10043",
        "lang": "cn"
    },
    {
        "name": "app_shop_pleasepayment",
        "value": "内完成支付, 超时后将取消订单",
        "site": "0",
        "array": "1",
        "app": "10043",
        "lang": "cn"
    },
    {
        "name": "app_shop_please",
        "value": "请在",
        "site": "0",
        "array": "1",
        "app": "10043",
        "lang": "cn"
    },
    {
        "name": "app_shop_ordersuccess",
        "value": "订单提交成功！去付款咯~",
        "site": "0",
        "array": "1",
        "app": "10043",
        "lang": "cn"
    },
    {
        "name": "app_shop_freefreight",
        "value": "免运费",
        "site": "0",
        "array": "1",
        "app": "10043",
        "lang": "cn"
    },
    {
        "name": "app_shop_pleaseaddress",
        "value": "请设置收获地址",
        "site": "0",
        "array": "1",
        "app": "10043",
        "lang": "cn"
    },
    {
        "name": "app_shop_placeorder",
        "value": "提交订单",
        "site": "0",
        "array": "1",
        "app": "10043",
        "lang": "cn"
    },
    {
        "name": "app_shop_message",
        "value": "给商家留言，选填",
        "site": "0",
        "array": "1",
        "app": "10043",
        "lang": "cn"
    },
    {
        "name": "app_shop_return",
        "value": "返回",
        "site": "0",
        "array": "1",
        "app": "10043",
        "lang": "cn"
    },
    {
        "name": "app_shop_invoicecontent",
        "value": "发票内容",
        "site": "0",
        "array": "1",
        "app": "10043",
        "lang": "cn"
    },
    {
        "name": "app_shop_need",
        "value": "需要",
        "site": "0",
        "array": "1",
        "app": "10043",
        "lang": "cn"
    },
    {
        "name": "app_shop_unwanted",
        "value": "不需要",
        "site": "0",
        "array": "1",
        "app": "10043",
        "lang": "cn"
    },
    {
        "name": "app_shop_invoice",
        "value": "发票",
        "site": "0",
        "array": "1",
        "app": "10043",
        "lang": "cn"
    },
    {
        "name": "app_shop_delivery",
        "value": "配送方式",
        "site": "0",
        "array": "1",
        "app": "10043",
        "lang": "cn"
    },
    {
        "name": "app_shop_paymentcod",
        "value": "货到付款",
        "site": "0",
        "array": "1",
        "app": "10043",
        "lang": "cn"
    },
    {
        "name": "app_shop_paymentonline",
        "value": "在线支付",
        "site": "0",
        "array": "1",
        "app": "10043",
        "lang": "cn"
    },
    {
        "name": "app_shop_paymentmod",
        "value": "支付方式",
        "site": "0",
        "array": "1",
        "app": "10043",
        "lang": "cn"
    },
    {
        "name": "app_shop_addto",
        "value": "添加",
        "site": "0",
        "array": "1",
        "app": "10043",
        "lang": "cn"
    },
    {
        "name": "app_shop_address",
        "value": "收货地址",
        "site": "0",
        "array": "1",
        "app": "10043",
        "lang": "cn"
    },
    {
        "name": "app_shop_oos",
        "value": "缺货",
        "site": "0",
        "array": "1",
        "app": "10043",
        "lang": "cn"
    },
    {
        "name": "app_shop_errorrefresh",
        "value": "数据错误，请重新刷新页面！",
        "site": "0",
        "array": "1",
        "app": "10043",
        "lang": "cn"
    },
    {
        "name": "app_shop_operation",
        "value": "操作",
        "site": "0",
        "array": "1",
        "app": "10043",
        "lang": "cn"
    },
    {
        "name": "app_shop_subtotal",
        "value": "小计",
        "site": "0",
        "array": "1",
        "app": "10043",
        "lang": "cn"
    },
    {
        "name": "app_shop_price",
        "value": "单价",
        "site": "0",
        "array": "1",
        "app": "10043",
        "lang": "cn"
    },
    {
        "name": "app_shop_deleteok",
        "value": "确定要删除吗?",
        "site": "0",
        "array": "1",
        "app": "10043",
        "lang": "cn"
    },
    {
        "name": "app_shop_cancel",
        "value": "取消",
        "site": "0",
        "array": "1",
        "app": "10043",
        "lang": "cn"
    },
    {
        "name": "app_shop_ok",
        "value": "确定",
        "site": "0",
        "array": "1",
        "app": "10043",
        "lang": "cn"
    },
    {
        "name": "app_shop_goshopping",
        "value": "马上去购物",
        "site": "0",
        "array": "1",
        "app": "10043",
        "lang": "cn"
    },
    {
        "name": "app_shop_gosettlementabbr",
        "value": "去结算",
        "site": "0",
        "array": "1",
        "app": "10043",
        "lang": "cn"
    },
    {
        "name": "app_shop_total",
        "value": "合计",
        "site": "0",
        "array": "1",
        "app": "10043",
        "lang": "cn"
    },
    {
        "name": "app_shop_checkall",
        "value": "全选",
        "site": "0",
        "array": "1",
        "app": "10043",
        "lang": "cn"
    },
    {
        "name": "app_shop_moregoods",
        "value": "购买该商品的用户还购买了",
        "site": "0",
        "array": "1",
        "app": "10043",
        "lang": "cn"
    },
    {
        "name": "app_shop_continue",
        "value": "继续购物",
        "site": "0",
        "array": "1",
        "app": "10043",
        "lang": "cn"
    },
    {
        "name": "app_shop_tocartok",
        "value": "已成功加入购物车！",
        "site": "0",
        "array": "1",
        "app": "10043",
        "lang": "cn"
    },
    {
        "name": "app_shop_gosettlement",
        "value": "去购物车结算",
        "site": "0",
        "array": "1",
        "app": "10043",
        "lang": "cn"
    },
    {
        "name": "app_shop_intotal",
        "value": "共",
        "site": "0",
        "array": "1",
        "app": "10043",
        "lang": "cn"
    },
    {
        "name": "app_shop_commodity",
        "value": "商品",
        "site": "0",
        "array": "1",
        "app": "10043",
        "lang": "cn"
    },
    {
        "name": "app_shop_cart",
        "value": "购物车",
        "site": "0",
        "array": "1",
        "app": "10043",
        "lang": "cn"
    },
    {
        "name": "app_shop_mycart",
        "value": "我的购物车",
        "site": "0",
        "array": "1",
        "app": "10043",
        "lang": "cn"
    },
    {
        "name": "app_shop_out",
        "value": "退出",
        "site": "0",
        "array": "1",
        "app": "10043",
        "lang": "cn"
    },
    {
        "name": "app_shop_settings",
        "value": "账户设置",
        "site": "0",
        "array": "1",
        "app": "10043",
        "lang": "cn"
    },
    {
        "name": "app_shop_myorder",
        "value": "我的订单",
        "site": "0",
        "array": "1",
        "app": "10043",
        "lang": "cn"
    },
    {
        "name": "app_shop_personal",
        "value": "商城中心",
        "site": "0",
        "array": "1",
        "app": "10043",
        "lang": "cn"
    },
    {
        "name": "app_shop_login",
        "value": "登录",
        "site": "0",
        "array": "1",
        "app": "10043",
        "lang": "cn"
    },
    {
        "name": "app_shop_register",
        "value": "注册",
        "site": "0",
        "array": "1",
        "app": "10043",
        "lang": "cn"
    },
    {
        "name": "app_shop_emptycart",
        "value": "购物车中还没有商品，赶紧选购吧！",
        "site": "0",
        "array": "1",
        "app": "10043",
        "lang": "cn"
    },
    {
        "name": "app_shop_recommend",
        "value": "热门推荐",
        "site": "0",
        "array": "1",
        "app": "10043",
        "lang": "cn"
    },
    {
        "name": "app_shop_details",
        "value": "商品详情",
        "site": "0",
        "array": "1",
        "app": "10043",
        "lang": "cn"
    },
    {
        "name": "app_shop_tocart",
        "value": "加入购物车",
        "site": "0",
        "array": "1",
        "app": "10043",
        "lang": "cn"
    },
    {
        "name": "app_shop_buyimmediately",
        "value": "立即购买",
        "site": "0",
        "array": "1",
        "app": "10043",
        "lang": "cn"
    },
    {
        "name": "app_shop_number",
        "value": "数量",
        "site": "0",
        "array": "1",
        "app": "10043",
        "lang": "cn"
    },
    {
        "name": "app_shop_purchase",
        "value": "每人限购",
        "site": "0",
        "array": "1",
        "app": "10043",
        "lang": "cn"
    },
    {
        "name": "app_shop_piece",
        "value": "件",
        "site": "0",
        "array": "1",
        "app": "10043",
        "lang": "cn"
    },
    {
        "name": "app_shop_stock",
        "value": "库存",
        "site": "0",
        "array": "1",
        "app": "10043",
        "lang": "cn"
    },
    {
        "name": "app_shop_original",
        "value": "原价",
        "site": "0",
        "array": "1",
        "app": "10043",
        "lang": "cn"
    },
    {
        "name": "app_shop_doreceipt",
        "value": "确认收货",
        "site": "0",
        "array": "1",
        "app": "10043",
        "lang": "cn"
    },
    {
        "name": "app_shop_doreceipt_if",
        "value": "确认收货吗？",
        "site": "0",
        "array": "1",
        "app": "10043",
        "lang": "cn"
    },
    {
        "name": "app_shop_allusers",
        "value": "所有会员",
        "site": "0",
        "array": "1",
        "app": "10043",
        "lang": "cn"
    },
    {
        "name": "app_shop_exceeduser",
        "value": "以上可以领取",
        "site": "0",
        "array": "1",
        "app": "10043",
        "lang": "cn"
    },
    {
        "name": "app_shop_userange",
        "value": "使用范围",
        "site": "0",
        "array": "1",
        "app": "10043",
        "lang": "cn"
    },
    {
        "name": "app_shop_allgoods",
        "value": "全部商品",
        "site": "0",
        "array": "1",
        "app": "10043",
        "lang": "cn"
    },
    {
        "name": "app_shop_selectgoods",
        "value": "指定商品",
        "site": "0",
        "array": "1",
        "app": "10043",
        "lang": "cn"
    },
    {
        "name": "app_shop_express_noopen",
        "value": "快递查询功能未开启",
        "site": "0",
        "array": "1",
        "app": "10043",
        "lang": "cn"
    },
    {
        "name": "app_shop_finance_in",
        "value": "入款",
        "site": "0",
        "array": "1",
        "app": "10043",
        "lang": "cn"
    },
    {
        "name": "app_shop_finance_out",
        "value": "扣款",
        "site": "0",
        "array": "1",
        "app": "10043",
        "lang": "cn"
    },
    {
        "name": "app_shop_goods_noquery",
        "value": "暂未开放查询功能",
        "site": "0",
        "array": "1",
        "app": "10043",
        "lang": "cn"
    },
    {
        "name": "app_shop_company_pay",
        "value": "公司转账",
        "site": "0",
        "array": "1",
        "app": "10043",
        "lang": "cn"
    },
    {
        "name": "app_shop_normal_invoice",
        "value": "普通发票",
        "site": "0",
        "array": "1",
        "app": "10043",
        "lang": "cn"
    },
    {
        "name": "app_shop_online_invoice",
        "value": "电子发票",
        "site": "0",
        "array": "1",
        "app": "10043",
        "lang": "cn"
    },
    {
        "name": "app_shop_tax_invoice",
        "value": "增值税发票",
        "site": "0",
        "array": "1",
        "app": "10043",
        "lang": "cn"
    },
    {
        "name": "app_shop_nogoods",
        "value": "缺货退款",
        "site": "0",
        "array": "1",
        "app": "10043",
        "lang": "cn"
    },
    {
        "name": "app_shop_refund",
        "value": "退款中",
        "site": "0",
        "array": "1",
        "app": "10043",
        "lang": "cn"
    },
    {
        "name": "app_shop_bedeliver",
        "value": "待发货",
        "site": "0",
        "array": "1",
        "app": "10043",
        "lang": "cn"
    },
    {
        "name": "app_shop_over_deliver",
        "value": "已发货",
        "site": "0",
        "array": "1",
        "app": "10043",
        "lang": "cn"
    },
    {
        "name": "app_shop_order_over",
        "value": "已完成",
        "site": "0",
        "array": "1",
        "app": "10043",
        "lang": "cn"
    },
    {
        "name": "app_shop_order_achieve",
        "value": "满",
        "site": "0",
        "array": "1",
        "app": "10043",
        "lang": "cn"
    },
    {
        "name": "app_shop_order_reduce",
        "value": "减",
        "site": "0",
        "array": "1",
        "app": "10043",
        "lang": "cn"
    },
    {
        "name": "app_shop_period_validity",
        "value": "有效期",
        "site": "0",
        "array": "1",
        "app": "10043",
        "lang": "cn"
    },
    {
        "name": "app_shop_usetime",
        "value": "使用时间",
        "site": "0",
        "array": "1",
        "app": "10043",
        "lang": "cn"
    },
    {
        "name": "app_shop_discountvalue",
        "value": "面值",
        "site": "0",
        "array": "1",
        "app": "10043",
        "lang": "cn"
    },
    {
        "name": "app_shop_to",
        "value": "至",
        "site": "0",
        "array": "1",
        "app": "10043",
        "lang": "cn"
    },
    {
        "name": "app_shop_hour",
        "value": "小时",
        "site": "0",
        "array": "1",
        "app": "10043",
        "lang": "cn"
    },
    {
        "name": "app_shop_minute",
        "value": "分钟",
        "site": "0",
        "array": "1",
        "app": "10043",
        "lang": "cn"
    },
    {
        "name": "app_shop_online",
        "value": "在线订购",
        "site": "0",
        "array": "1",
        "app": "10043",
        "lang": "cn"
    },
    {
        "name": "app_shop_havepay",
        "value": "此订单已经付款或关闭支付！",
        "site": "0",
        "array": "1",
        "app": "10043",
        "lang": "cn"
    },
    {
        "name": "app_shop_payinsufficient",
        "value": "您的余额不足，点击此链接充值！",
        "site": "0",
        "array": "1",
        "app": "10043",
        "lang": "cn"
    },
    {
        "name": "app_shop_receiveemail",
        "value": "接收邮箱",
        "site": "0",
        "array": "1",
        "app": "10043",
        "lang": "cn"
    },
    {
        "name": "app_shop_receiveemail_prompt",
        "value": "用于接收账号信息",
        "site": "0",
        "array": "1",
        "app": "10043",
        "lang": "cn"
    },
    {
        "name": "app_shop_instructions",
        "value": "使用说明",
        "site": "0",
        "array": "1",
        "app": "10043",
        "lang": "cn"
    },
    {
        "name": "app_shop_clickview",
        "value": "点击查看",
        "site": "0",
        "array": "1",
        "app": "10043",
        "lang": "cn"
    },
    {
        "name": "app_shop_searchfail",
        "value": "查询失败，请联系管理员！",
        "site": "0",
        "array": "1",
        "app": "10043",
        "lang": "cn"
    },
    {
        "name": "app_shop_needlogin",
        "value": "请先登录",
        "site": "0",
        "array": "1",
        "app": "10043",
        "lang": "cn"
    },
    {
        "name": "app_shop_buy",
        "value": "购买",
        "site": "0",
        "array": "1",
        "app": "10043",
        "lang": "cn"
    },
    {
        "name": "app_shop_myfavorite",
        "value": "我的收藏",
        "site": "0",
        "array": "1",
        "app": "10043",
        "lang": "cn"
    },
    {
        "name": "app_shop_mydiscount",
        "value": "我的优惠券",
        "site": "0",
        "array": "1",
        "app": "10043",
        "lang": "cn"
    },
    {
        "name": "app_shop_myaddress",
        "value": "收货地址",
        "site": "0",
        "array": "1",
        "app": "10043",
        "lang": "cn"
    },
    {
        "name": "app_shop_logistics_schedule",
        "value": "物流进度",
        "site": "0",
        "array": "1",
        "app": "10043",
        "lang": "cn"
    },
    {
        "name": "app_shop_choosepara",
        "value": "请选择完整选项",
        "site": "0",
        "array": "1",
        "app": "10043",
        "lang": "cn"
    },
    {
        "name": "app_shop_lowstocks_min",
        "value": "库存不足",
        "site": "0",
        "array": "1",
        "app": "10043",
        "lang": "cn"
    },
    {
        "name": "app_shop_creditcode",
        "value": "请输入信用代码",
        "site": "0",
        "array": "1",
        "app": "10043",
        "lang": "cn"
    },
    {
        "name": "app_shop_payinterface_error",
        "value": "支付接口错误，请联系网站管理员",
        "site": "0",
        "array": "1",
        "app": "10043",
        "lang": "cn"
    },
    {
        "name": "app_shop_pay_type_off",
        "value": "商家未开启支付方式",
        "site": "0",
        "array": "1",
        "app": "10043",
        "lang": "cn"
    },
    {
        "name": "app_shop_refund_reason",
        "value": "退换货原由",
        "site": "0",
        "array": "1",
        "app": "10043",
        "lang": "cn"
    },
    {
        "name": "app_shop_cancel_reason",
        "value": "取消原由订单",
        "site": "0",
        "array": "1",
        "app": "10043",
        "lang": "cn"
    },
    {
        "name": "app_shop_reason_detail",
        "value": "原由详情",
        "site": "0",
        "array": "1",
        "app": "10043",
        "lang": "cn"
    },
    {
        "name": "app_shop_refund_converse",
        "value": "退货留言记录",
        "site": "0",
        "array": "1",
        "app": "10043",
        "lang": "cn"
    },
    {
        "name": "app_shop_echo",
        "value": "回复",
        "site": "0",
        "array": "1",
        "app": "10043",
        "lang": "cn"
    },
    {
        "name": "app_shop_leaving_message",
        "value": "留言",
        "site": "0",
        "array": "1",
        "app": "10043",
        "lang": "cn"
    },
    {
        "name": "app_shop_select_cancel_reason",
        "value": "请选择取消订单理由",
        "site": "0",
        "array": "1",
        "app": "10043",
        "lang": "cn"
    },
    {
        "name": "app_shop_refund_refund_reason",
        "value": "请选择退换货理由",
        "site": "0",
        "array": "1",
        "app": "10043",
        "lang": "cn"
    },
    {
        "name": "app_shop_order_cancel",
        "value": "取消订单",
        "site": "0",
        "array": "1",
        "app": "10043",
        "lang": "cn"
    },
    {
        "name": "app_shop_order_refund",
        "value": "申请退换货",
        "site": "0",
        "array": "1",
        "app": "10043",
        "lang": "cn"
    },
    {
        "name": "app_shop_order_refunding",
        "value": "退换货",
        "site": "0",
        "array": "1",
        "app": "10043",
        "lang": "cn"
    },
    {
        "name": "app_shop_card_gain_fail",
        "value": "获取失败",
        "site": "0",
        "array": "1",
        "app": "10043",
        "lang": "cn"
    },
    {
        "name": "app_shop_card_gain_success",
        "value": "获取成功",
        "site": "0",
        "array": "1",
        "app": "10043",
        "lang": "cn"
    },
    {
        "name": "app_shop_order_free",
        "value": "下单立减",
        "site": "0",
        "array": "1",
        "app": "10043",
        "lang": "cn"
    },
    {
        "name": "app_shop_order_free_tips1",
        "value": "满",
        "site": "0",
        "array": "1",
        "app": "10043",
        "lang": "cn"
    },
    {
        "name": "app_shop_order_free_tips2",
        "value": "件，减",
        "site": "0",
        "array": "1",
        "app": "10043",
        "lang": "cn"
    },
    {
        "name": "app_shop_email_content1",
        "value": "恭喜您成为",
        "site": "0",
        "array": "1",
        "app": "10043",
        "lang": "cn"
    },
    {
        "name": "app_shop_email_content2",
        "value": "的新会员，同时感谢您对",
        "site": "0",
        "array": "1",
        "app": "10043",
        "lang": "cn"
    },
    {
        "name": "app_shop_email_content3",
        "value": "的关注与支持并欢迎您使用我们的产品与服务",
        "site": "0",
        "array": "1",
        "app": "10043",
        "lang": "cn"
    },
    {
        "name": "app_shop_email_content4",
        "value": "登录地址",
        "site": "0",
        "array": "1",
        "app": "10043",
        "lang": "cn"
    },
    {
        "name": "app_shop_email_content5",
        "value": "登录账号",
        "site": "0",
        "array": "1",
        "app": "10043",
        "lang": "cn"
    },
    {
        "name": "app_shop_email_content6",
        "value": "登录密码",
        "site": "0",
        "array": "1",
        "app": "10043",
        "lang": "cn"
    },
    {
        "name": "app_shop_email_title",
        "value": "自动注册账号密码信息",
        "site": "0",
        "array": "1",
        "app": "10043",
        "lang": "cn"
    },
    {
        "name": "app_shop_order_by_type1",
        "value": "综合排序",
        "site": "0",
        "array": "1",
        "app": "10043",
        "lang": "cn"
    },
    {
        "name": "app_shop_order_by_type2",
        "value": "销量",
        "site": "0",
        "array": "1",
        "app": "10043",
        "lang": "cn"
    },
    {
        "name": "app_shop_order_by_type3",
        "value": "价格",
        "site": "0",
        "array": "1",
        "app": "10043",
        "lang": "cn"
    },
    {
        "name": "app_shop_img_upload",
        "value": "上传图片",
        "site": "0",
        "array": "1",
        "app": "10043",
        "lang": "cn"
    },
    {
        "name": "app_shop_disc_man",
        "value": "满",
        "site": "0",
        "array": "1",
        "app": "10043",
        "lang": "cn"
    },
    {
        "name": "app_shop_disc_jian",
        "value": "件",
        "site": "0",
        "array": "1",
        "app": "10043",
        "lang": "cn"
    },
    {
        "name": "app_shop_disc_zhe",
        "value": "折",
        "site": "0",
        "array": "1",
        "app": "10043",
        "lang": "cn"
    },
    {
        "name": "app_shop_disc_orderfree",
        "value": "用户下单立减",
        "site": "0",
        "array": "1",
        "app": "10043",
        "lang": "cn"
    },
    {
        "name": "app_shop_order_card",
        "value": "发货码",
        "site": "0",
        "array": "1",
        "app": "10043",
        "lang": "cn"
    },
    {
        "name": "app_shop_order_extracting_code",
        "value": "提取发货码",
        "site": "0",
        "array": "1",
        "app": "10043",
        "lang": "cn"
    },
    {
        "name": "app_shop_no_address",
        "value": "暂无收货地址，请添加",
        "site": "0",
        "array": "1",
        "app": "10043",
        "lang": "cn"
    },
    {
        "name": "app_shop_adminstrator",
        "value": "管理员",
        "site": "0",
        "array": "1",
        "app": "10043",
        "lang": "cn"
    },
    {
        "name": "app_shop_receive_albe",
        "value": "可领取",
        "site": "0",
        "array": "1",
        "app": "10043",
        "lang": "cn"
    },
    {
        "name": "app_shop_remind_title",
        "value": "您有新的订单，请你登录后台查看！",
        "site": "0",
        "array": "1",
        "app": "10043",
        "lang": "cn"
    },
    {
        "name": "app_shop_remind_row1",
        "value": "地址",
        "site": "0",
        "array": "1",
        "app": "10043",
        "lang": "cn"
    },
    {
        "name": "app_shop_remind_row2",
        "value": "订单号",
        "site": "0",
        "array": "1",
        "app": "10043",
        "lang": "cn"
    },
    {
        "name": "app_shop_remind_row3",
        "value": "商品",
        "site": "0",
        "array": "1",
        "app": "10043",
        "lang": "cn"
    },
    {
        "name": "app_shop_remind_row4",
        "value": "价格",
        "site": "0",
        "array": "1",
        "app": "10043",
        "lang": "cn"
    },
    {
        "name": "app_shop_remind_row5",
        "value": "用户名",
        "site": "0",
        "array": "1",
        "app": "10043",
        "lang": "cn"
    },
    {
        "name": "app_shop_remind_row6",
        "value": "电话",
        "site": "0",
        "array": "1",
        "app": "10043",
        "lang": "cn"
    },
    {
        "name": "app_shop_click_show_detail",
        "value": "点击查看详情",
        "site": "0",
        "array": "1",
        "app": "10043",
        "lang": "cn"
    }
]