[
    {
        "name": "app_shop_ok",
        "value": "确定",
        "site": "1",
        "array": "1",
        "app": "10043",
        "lang": "cn"
    },
    {
        "name": "app_shop_cancel",
        "value": "取消",
        "site": "1",
        "array": "1",
        "app": "10043",
        "lang": "cn"
    },
    {
        "name": "app_shop_save",
        "value": "保存",
        "site": "1",
        "array": "1",
        "app": "10043",
        "lang": "cn"
    },
    {
        "name": "app_shop_operatorok",
        "value": "操作成功",
        "site": "1",
        "array": "1",
        "app": "10043",
        "lang": "cn"
    },
    {
        "name": "app_shop_saveok",
        "value": "保存成功",
        "site": "1",
        "array": "1",
        "app": "10043",
        "lang": "cn"
    },
    {
        "name": "app_shop_delok",
        "value": "删除成功",
        "site": "1",
        "array": "1",
        "app": "10043",
        "lang": "cn"
    },
    {
        "name": "app_shop_del",
        "value": "删除",
        "site": "1",
        "array": "1",
        "app": "10043",
        "lang": "cn"
    },
    {
        "name": "app_shop_deled",
        "value": "已删除",
        "site": "1",
        "array": "1",
        "app": "10043",
        "lang": "cn"
    },
    {
        "name": "app_shop_deling",
        "value": "删除中...",
        "site": "1",
        "array": "1",
        "app": "10043",
        "lang": "cn"
    },
    {
        "name": "app_shop_deleteok",
        "value": "确定要删除吗?",
        "site": "1",
        "array": "1",
        "app": "10043",
        "lang": "cn"
    },
    {
        "name": "app_shop_clear",
        "value": "清除",
        "site": "1",
        "array": "1",
        "app": "10043",
        "lang": "cn"
    },
    {
        "name": "app_shop_close",
        "value": "关闭",
        "site": "1",
        "array": "1",
        "app": "10043",
        "lang": "cn"
    },
    {
        "name": "app_shop_operator",
        "value": "操作",
        "site": "1",
        "array": "1",
        "app": "10043",
        "lang": "cn"
    },
    {
        "name": "app_shop_menager",
        "value": "管理",
        "site": "1",
        "array": "1",
        "app": "10043",
        "lang": "cn"
    },
    {
        "name": "app_shop_addto",
        "value": "添加",
        "site": "1",
        "array": "1",
        "app": "10043",
        "lang": "cn"
    },
    {
        "name": "app_shop_editor",
        "value": "编辑",
        "site": "1",
        "array": "1",
        "app": "10043",
        "lang": "cn"
    },
    {
        "name": "app_shop_select_all",
        "value": "全选",
        "site": "1",
        "array": "1",
        "app": "10043",
        "lang": "cn"
    },
    {
        "name": "app_shop_select",
        "value": "选取",
        "site": "1",
        "array": "1",
        "app": "10043",
        "lang": "cn"
    },
    {
        "name": "app_shop_selected",
        "value": "已选取",
        "site": "1",
        "array": "1",
        "app": "10043",
        "lang": "cn"
    },
    {
        "name": "app_shop_select_able",
        "value": "可选择",
        "site": "1",
        "array": "1",
        "app": "10043",
        "lang": "cn"
    },
    {
        "name": "app_shop_show_open",
        "value": "展开",
        "site": "1",
        "array": "1",
        "app": "10043",
        "lang": "cn"
    },
    {
        "name": "app_shop_show_modify",
        "value": "修改",
        "site": "1",
        "array": "1",
        "app": "10043",
        "lang": "cn"
    },
    {
        "name": "app_shop_setting",
        "value": "设置",
        "site": "1",
        "array": "1",
        "app": "10043",
        "lang": "cn"
    },
    {
        "name": "app_shop_buy",
        "value": "购买",
        "site": "1",
        "array": "1",
        "app": "10043",
        "lang": "cn"
    },
    {
        "name": "app_shop_js_tips1",
        "value": "请选择至少一项",
        "site": "1",
        "array": "1",
        "app": "10043",
        "lang": "cn"
    },
    {
        "name": "app_shop_js_tips2",
        "value": "正数为涨价\/负数为减免",
        "site": "1",
        "array": "1",
        "app": "10043",
        "lang": "cn"
    },
    {
        "name": "app_shop_freight_tips1",
        "value": "本物流查询服务使用阿里云国内物流接口，暂不支持国际物流查询，确认要购买本套餐吗?",
        "site": "1",
        "array": "1",
        "app": "10043",
        "lang": "cn"
    },
    {
        "name": "app_shop_freight_tips2",
        "value": "未搜索到该文字",
        "site": "1",
        "array": "1",
        "app": "10043",
        "lang": "cn"
    },
    {
        "name": "app_shop_freight_tips3",
        "value": "支付方式请至少开启一项",
        "site": "1",
        "array": "1",
        "app": "10043",
        "lang": "cn"
    },
    {
        "name": "app_shop_freight_tips4",
        "value": "地区刷新中，请耐心等待...",
        "site": "1",
        "array": "1",
        "app": "10043",
        "lang": "cn"
    },
    {
        "name": "app_shop_freight_tips5",
        "value": "的子地区",
        "site": "1",
        "array": "1",
        "app": "10043",
        "lang": "cn"
    },
    {
        "name": "app_shop_freight_tips6",
        "value": "添加中，请耐心等待...",
        "site": "1",
        "array": "1",
        "app": "10043",
        "lang": "cn"
    },
    {
        "name": "app_shop_freight_tips7",
        "value": "删除该地区后该地区的下属地区都会删除，确定要删除吗?",
        "site": "1",
        "array": "1",
        "app": "10043",
        "lang": "cn"
    },
    {
        "name": "app_shop_freight_tips8",
        "value": "确定要删除运费模板?",
        "site": "1",
        "array": "1",
        "app": "10043",
        "lang": "cn"
    },
    {
        "name": "app_shop_freight_country",
        "value": "【国家】",
        "site": "1",
        "array": "1",
        "app": "10043",
        "lang": "cn"
    },
    {
        "name": "app_shop_freight_set_distr_area",
        "value": "请设置配送区域",
        "site": "1",
        "array": "1",
        "app": "10043",
        "lang": "cn"
    },
    {
        "name": "app_shop_freight_table_row1",
        "value": "可配送区域",
        "site": "1",
        "array": "1",
        "app": "10043",
        "lang": "cn"
    },
    {
        "name": "app_shop_freight_table_row2",
        "value": "首件（个）",
        "site": "1",
        "array": "1",
        "app": "10043",
        "lang": "cn"
    },
    {
        "name": "app_shop_freight_table_row3",
        "value": "运费",
        "site": "1",
        "array": "1",
        "app": "10043",
        "lang": "cn"
    },
    {
        "name": "app_shop_freight_table_row4",
        "value": "续件（个）",
        "site": "1",
        "array": "1",
        "app": "10043",
        "lang": "cn"
    },
    {
        "name": "app_shop_freight_table_row5",
        "value": "续费",
        "site": "1",
        "array": "1",
        "app": "10043",
        "lang": "cn"
    },
    {
        "name": "app_shop_freight_add_subarea",
        "value": "增加子地区",
        "site": "1",
        "array": "1",
        "app": "10043",
        "lang": "cn"
    },
    {
        "name": "app_shop_freight_package_tips1",
        "value": "物流套餐已消费完，请继续",
        "site": "1",
        "array": "1",
        "app": "10043",
        "lang": "cn"
    },
    {
        "name": "app_shop_freight_package_tips2",
        "value": "购买",
        "site": "1",
        "array": "1",
        "app": "10043",
        "lang": "cn"
    },
    {
        "name": "app_shop_guest",
        "value": "游客",
        "site": "1",
        "array": "1",
        "app": "10043",
        "lang": "cn"
    },
    {
        "name": "app_shop_save_success_tips1",
        "value": "指定商品保存成功",
        "site": "1",
        "array": "1",
        "app": "10043",
        "lang": "cn"
    },
    {
        "name": "app_shop_login_tips1",
        "value": "您不在登录状态，请",
        "site": "1",
        "array": "1",
        "app": "10043",
        "lang": "cn"
    },
    {
        "name": "app_shop_login_tips2",
        "value": "登录后台",
        "site": "1",
        "array": "1",
        "app": "10043",
        "lang": "cn"
    },
    {
        "name": "app_shop_login_tips3",
        "value": "，再刷新此页面",
        "site": "1",
        "array": "1",
        "app": "10043",
        "lang": "cn"
    },
    {
        "name": "app_shop_mom",
        "value": "周一",
        "site": "1",
        "array": "1",
        "app": "10043",
        "lang": "cn"
    },
    {
        "name": "app_shop_tues",
        "value": "周二",
        "site": "1",
        "array": "1",
        "app": "10043",
        "lang": "cn"
    },
    {
        "name": "app_shop_wed",
        "value": "周三",
        "site": "1",
        "array": "1",
        "app": "10043",
        "lang": "cn"
    },
    {
        "name": "app_shop_thur",
        "value": "周四",
        "site": "1",
        "array": "1",
        "app": "10043",
        "lang": "cn"
    },
    {
        "name": "app_shop_fri",
        "value": "周五",
        "site": "1",
        "array": "1",
        "app": "10043",
        "lang": "cn"
    },
    {
        "name": "app_shop_sat",
        "value": "周六",
        "site": "1",
        "array": "1",
        "app": "10043",
        "lang": "cn"
    },
    {
        "name": "app_shop_sun",
        "value": "周日",
        "site": "1",
        "array": "1",
        "app": "10043",
        "lang": "cn"
    },
    {
        "name": "app_shop_goods_tips1",
        "value": "已添加相同规格，无需再次添加！",
        "site": "1",
        "array": "1",
        "app": "10043",
        "lang": "cn"
    },
    {
        "name": "app_shop_goods_tips2",
        "value": "预设更多规格值",
        "site": "1",
        "array": "1",
        "app": "10043",
        "lang": "cn"
    },
    {
        "name": "app_shop_goods_tips3",
        "value": "最多只能添加三种规格！",
        "site": "1",
        "array": "1",
        "app": "10043",
        "lang": "cn"
    },
    {
        "name": "app_shop_goods_tips4",
        "value": "请输入数字",
        "site": "1",
        "array": "1",
        "app": "10043",
        "lang": "cn"
    },
    {
        "name": "app_shop_goods_tips5",
        "value": "库存不能为空",
        "site": "1",
        "array": "1",
        "app": "10043",
        "lang": "cn"
    },
    {
        "name": "app_shop_goods_toadd",
        "value": "选择预设值",
        "site": "1",
        "array": "1",
        "app": "10043",
        "lang": "cn"
    },
    {
        "name": "app_shop_goods_table_row1",
        "value": "标准价格",
        "site": "1",
        "array": "1",
        "app": "10043",
        "lang": "cn"
    },
    {
        "name": "app_shop_goods_table_row2",
        "value": "库存",
        "site": "1",
        "array": "1",
        "app": "10043",
        "lang": "cn"
    },
    {
        "name": "app_shop_goods_table_row3",
        "value": "销量",
        "site": "1",
        "array": "1",
        "app": "10043",
        "lang": "cn"
    },
    {
        "name": "app_shop_goods_table_row4",
        "value": "图片",
        "site": "1",
        "array": "1",
        "app": "10043",
        "lang": "cn"
    },
    {
        "name": "app_shop_goods_price",
        "value": "价格",
        "site": "1",
        "array": "1",
        "app": "10043",
        "lang": "cn"
    },
    {
        "name": "app_shop_goods_stock",
        "value": "库存",
        "site": "1",
        "array": "1",
        "app": "10043",
        "lang": "cn"
    },
    {
        "name": "app_shop_spec_tips1",
        "value": "删除规格后，其所有规格值也会删除，确定要删除吗?",
        "site": "1",
        "array": "1",
        "app": "10043",
        "lang": "cn"
    },
    {
        "name": "app_shop_spec_input_tips1",
        "value": "请输入规格值",
        "site": "1",
        "array": "1",
        "app": "10043",
        "lang": "cn"
    },
    {
        "name": "app_shop_spec_value",
        "value": "规格值",
        "site": "1",
        "array": "1",
        "app": "10043",
        "lang": "cn"
    },
    {
        "name": "app_shop_not_null_tips",
        "value": "不能为空",
        "site": "1",
        "array": "0",
        "app": "10043",
        "lang": "cn"
    },
    {
        "name": "app_shop_price_set",
        "value": "价格设置",
        "site": "1",
        "array": "0",
        "app": "10043",
        "lang": "cn"
    },
    {
        "name": "app_shop_decimal_len",
        "value": "小数点位数",
        "site": "1",
        "array": "0",
        "app": "10043",
        "lang": "cn"
    },
    {
        "name": "app_shop_price_set_type",
        "value": "价格默认设置方式",
        "site": "1",
        "array": "0",
        "app": "10043",
        "lang": "cn"
    },
    {
        "name": "app_shop_price_type1",
        "value": "统一价格",
        "site": "1",
        "array": "0",
        "app": "10043",
        "lang": "cn"
    },
    {
        "name": "app_shop_price_type2",
        "value": "按会员组设置",
        "site": "1",
        "array": "0",
        "app": "10043",
        "lang": "cn"
    },
    {
        "name": "app_shop_user_group_set",
        "value": "会员组设置",
        "site": "1",
        "array": "0",
        "app": "10043",
        "lang": "cn"
    },
    {
        "name": "app_shop_set_more",
        "value": "高级设置",
        "site": "1",
        "array": "0",
        "app": "10043",
        "lang": "cn"
    },
    {
        "name": "app_shop_user_gdiscount",
        "value": "会员折扣",
        "site": "1",
        "array": "0",
        "app": "10043",
        "lang": "cn"
    },
    {
        "name": "app_shop_web_hidden",
        "value": "前台隐藏",
        "site": "1",
        "array": "0",
        "app": "10043",
        "lang": "cn"
    },
    {
        "name": "app_shop_timing_release",
        "value": "定时发布",
        "site": "1",
        "array": "0",
        "app": "10043",
        "lang": "cn"
    },
    {
        "name": "app_shop_tocom",
        "value": "推荐",
        "site": "1",
        "array": "0",
        "app": "10043",
        "lang": "cn"
    },
    {
        "name": "app_shop_totop",
        "value": "置顶",
        "site": "1",
        "array": "0",
        "app": "10043",
        "lang": "cn"
    },
    {
        "name": "app_shop_sold_out",
        "value": "已售罄",
        "site": "1",
        "array": "0",
        "app": "10043",
        "lang": "cn"
    },
    {
        "name": "app_shop_set_shipping_code",
        "value": "设置发货码",
        "site": "1",
        "array": "0",
        "app": "10043",
        "lang": "cn"
    },
    {
        "name": "app_shop_card_detail",
        "value": "卡片详情",
        "site": "1",
        "array": "0",
        "app": "10043",
        "lang": "cn"
    },
    {
        "name": "app_shop_back",
        "value": "返回",
        "site": "1",
        "array": "0",
        "app": "10043",
        "lang": "cn"
    },
    {
        "name": "app_shop_vgoods_info",
        "value": "虚拟商品信息记录",
        "site": "1",
        "array": "0",
        "app": "10043",
        "lang": "cn"
    },
    {
        "name": "app_shop_vgoods_set",
        "value": "虚拟商品信息设置",
        "site": "1",
        "array": "0",
        "app": "10043",
        "lang": "cn"
    },
    {
        "name": "app_shop_serial_number",
        "value": "发货码",
        "site": "1",
        "array": "0",
        "app": "10043",
        "lang": "cn"
    },
    {
        "name": "app_shop_grantable",
        "value": "是否发放",
        "site": "1",
        "array": "0",
        "app": "10043",
        "lang": "cn"
    },
    {
        "name": "app_shop_addtime",
        "value": "添加时间",
        "site": "1",
        "array": "0",
        "app": "10043",
        "lang": "cn"
    },
    {
        "name": "app_shop_granttime",
        "value": "自动发放时间",
        "site": "1",
        "array": "0",
        "app": "10043",
        "lang": "cn"
    },
    {
        "name": "app_shop_grant_user",
        "value": "购买用户",
        "site": "1",
        "array": "0",
        "app": "10043",
        "lang": "cn"
    },
    {
        "name": "app_shop_all",
        "value": "全部",
        "site": "1",
        "array": "0",
        "app": "10043",
        "lang": "cn"
    },
    {
        "name": "app_shop_discount_coupon",
        "value": "优惠券",
        "site": "1",
        "array": "0",
        "app": "10043",
        "lang": "cn"
    },
    {
        "name": "app_shop_discount_edit",
        "value": "优惠券编辑",
        "site": "1",
        "array": "0",
        "app": "10043",
        "lang": "cn"
    },
    {
        "name": "app_shop_discount_add",
        "value": "新增优惠券",
        "site": "1",
        "array": "0",
        "app": "10043",
        "lang": "cn"
    },
    {
        "name": "app_shop_discount_name",
        "value": "优惠券名称",
        "site": "1",
        "array": "0",
        "app": "10043",
        "lang": "cn"
    },
    {
        "name": "app_shop_discount_price",
        "value": "面值",
        "site": "1",
        "array": "0",
        "app": "10043",
        "lang": "cn"
    },
    {
        "name": "app_shop_discount_condition",
        "value": "使用条件",
        "site": "1",
        "array": "0",
        "app": "10043",
        "lang": "cn"
    },
    {
        "name": "app_shop_discount_use_tips1",
        "value": "订单满",
        "site": "1",
        "array": "0",
        "app": "10043",
        "lang": "cn"
    },
    {
        "name": "app_shop_discount_use_tips2",
        "value": "可以使用",
        "site": "1",
        "array": "0",
        "app": "10043",
        "lang": "cn"
    },
    {
        "name": "app_shop_discount_suer_limit",
        "value": "用户等级限制",
        "site": "1",
        "array": "0",
        "app": "10043",
        "lang": "cn"
    },
    {
        "name": "app_shop_discount_suerable",
        "value": "注册会员均可领取",
        "site": "1",
        "array": "0",
        "app": "10043",
        "lang": "cn"
    },
    {
        "name": "app_shop_discount_suerable1",
        "value": "以上可以领取",
        "site": "1",
        "array": "0",
        "app": "10043",
        "lang": "cn"
    },
    {
        "name": "app_shop_discount_total_amount",
        "value": "发放总量",
        "site": "1",
        "array": "0",
        "app": "10043",
        "lang": "cn"
    },
    {
        "name": "app_shop_discount_zhang",
        "value": "张",
        "site": "1",
        "array": "0",
        "app": "10043",
        "lang": "cn"
    },
    {
        "name": "app_shop_discount_begin_time",
        "value": "生效时间",
        "site": "1",
        "array": "0",
        "app": "10043",
        "lang": "cn"
    },
    {
        "name": "app_shop_discount_end_time",
        "value": "结束时间",
        "site": "1",
        "array": "0",
        "app": "10043",
        "lang": "cn"
    },
    {
        "name": "app_shop_discount_create_time",
        "value": "创建时间",
        "site": "1",
        "array": "0",
        "app": "10043",
        "lang": "cn"
    },
    {
        "name": "app_shop_discount_include_good",
        "value": "可使用商品",
        "site": "1",
        "array": "0",
        "app": "10043",
        "lang": "cn"
    },
    {
        "name": "app_shop_discount_all_good",
        "value": "全部商品",
        "site": "1",
        "array": "0",
        "app": "10043",
        "lang": "cn"
    },
    {
        "name": "app_shop_discount_appoint_good",
        "value": "指定商品",
        "site": "1",
        "array": "0",
        "app": "10043",
        "lang": "cn"
    },
    {
        "name": "app_shop_discount_use_script",
        "value": "使用说明",
        "site": "1",
        "array": "0",
        "app": "10043",
        "lang": "cn"
    },
    {
        "name": "app_shop_discount_select_goods",
        "value": "商品选择",
        "site": "1",
        "array": "0",
        "app": "10043",
        "lang": "cn"
    },
    {
        "name": "app_shop_discount_goods_editor",
        "value": "编辑商品",
        "site": "1",
        "array": "0",
        "app": "10043",
        "lang": "cn"
    },
    {
        "name": "app_shop_discount_selected",
        "value": "已选取",
        "site": "1",
        "array": "0",
        "app": "10043",
        "lang": "cn"
    },
    {
        "name": "app_shop_discount_unselected",
        "value": "未选取",
        "site": "1",
        "array": "0",
        "app": "10043",
        "lang": "cn"
    },
    {
        "name": "app_shop_discount_limit_collar",
        "value": "每人限领",
        "site": "1",
        "array": "0",
        "app": "10043",
        "lang": "cn"
    },
    {
        "name": "app_shop_discount_tips1",
        "value": "发放总量不能比每人限领张数少",
        "site": "1",
        "array": "0",
        "app": "10043",
        "lang": "cn"
    },
    {
        "name": "app_shop_discount_goods_name",
        "value": "商品名称",
        "site": "1",
        "array": "0",
        "app": "10043",
        "lang": "cn"
    },
    {
        "name": "app_shop_discount_goods",
        "value": "商品",
        "site": "1",
        "array": "0",
        "app": "10043",
        "lang": "cn"
    },
    {
        "name": "app_shop_discount_select_all",
        "value": "全部选取",
        "site": "1",
        "array": "0",
        "app": "10043",
        "lang": "cn"
    },
    {
        "name": "app_shop_discount_unselect_all",
        "value": "全部取消",
        "site": "1",
        "array": "0",
        "app": "10043",
        "lang": "cn"
    },
    {
        "name": "app_shop_discount_not_begining",
        "value": "未开始",
        "site": "1",
        "array": "0",
        "app": "10043",
        "lang": "cn"
    },
    {
        "name": "app_shop_discount_runing",
        "value": "进行中",
        "site": "1",
        "array": "0",
        "app": "10043",
        "lang": "cn"
    },
    {
        "name": "app_shop_discount_end",
        "value": "已完结",
        "site": "1",
        "array": "0",
        "app": "10043",
        "lang": "cn"
    },
    {
        "name": "app_shop_discount_restriction",
        "value": "领取限制",
        "site": "1",
        "array": "0",
        "app": "10043",
        "lang": "cn"
    },
    {
        "name": "app_shop_discount_term_of_validity",
        "value": "有效期",
        "site": "1",
        "array": "0",
        "app": "10043",
        "lang": "cn"
    },
    {
        "name": "app_shop_discount_table_title1",
        "value": "领取数 \/ 使用数 \/ 总数",
        "site": "1",
        "array": "0",
        "app": "10043",
        "lang": "cn"
    },
    {
        "name": "app_shop_discount_state",
        "value": "状态",
        "site": "1",
        "array": "0",
        "app": "10043",
        "lang": "cn"
    },
    {
        "name": "app_shop_discount_state1",
        "value": "进行中",
        "site": "1",
        "array": "0",
        "app": "10043",
        "lang": "cn"
    },
    {
        "name": "app_shop_discount_state2",
        "value": "未开始",
        "site": "1",
        "array": "0",
        "app": "10043",
        "lang": "cn"
    },
    {
        "name": "app_shop_discount_state4",
        "value": "已完结",
        "site": "1",
        "array": "0",
        "app": "10043",
        "lang": "cn"
    },
    {
        "name": "app_shop_discount_set_price",
        "value": "价格设置",
        "site": "1",
        "array": "0",
        "app": "10043",
        "lang": "cn"
    },
    {
        "name": "app_shop_discount_sale",
        "value": "优惠打折",
        "site": "1",
        "array": "0",
        "app": "10043",
        "lang": "cn"
    },
    {
        "name": "app_shop_discount_sale_goods_num",
        "value": "按下单商品数量设置折扣",
        "site": "1",
        "array": "0",
        "app": "10043",
        "lang": "cn"
    },
    {
        "name": "app_shop_discount_sale_static",
        "value": "每单固定减价",
        "site": "1",
        "array": "0",
        "app": "10043",
        "lang": "cn"
    },
    {
        "name": "app_shop_discount_discount",
        "value": "折扣（如0.9）",
        "site": "1",
        "array": "0",
        "app": "10043",
        "lang": "cn"
    },
    {
        "name": "app_shop_discount_amount",
        "value": "数量（建议大于1）",
        "site": "1",
        "array": "0",
        "app": "10043",
        "lang": "cn"
    },
    {
        "name": "app_shop_discount_static_discount",
        "value": "固定折扣设置",
        "site": "1",
        "array": "0",
        "app": "10043",
        "lang": "cn"
    },
    {
        "name": "app_shop_discount_order_free",
        "value": "用户下单立减",
        "site": "1",
        "array": "0",
        "app": "10043",
        "lang": "cn"
    },
    {
        "name": "app_shop_discount_table_row1",
        "value": "无限制",
        "site": "1",
        "array": "0",
        "app": "10043",
        "lang": "cn"
    },
    {
        "name": "app_shop_discount_table_row2",
        "value": "人",
        "site": "1",
        "array": "0",
        "app": "10043",
        "lang": "cn"
    },
    {
        "name": "app_shop_discount_table_row3",
        "value": "至",
        "site": "1",
        "array": "0",
        "app": "10043",
        "lang": "cn"
    },
    {
        "name": "app_shop_discount_data_error",
        "value": "数据错误",
        "site": "1",
        "array": "0",
        "app": "10043",
        "lang": "cn"
    },
    {
        "name": "app_shop_discount_error1",
        "value": "结束时间必须大于开始时间",
        "site": "1",
        "array": "0",
        "app": "10043",
        "lang": "cn"
    },
    {
        "name": "app_shop_freight_temp_name",
        "value": "运费模板名称（如：大件商品运费模板）",
        "site": "1",
        "array": "0",
        "app": "10043",
        "lang": "cn"
    },
    {
        "name": "app_shop_freight_distribution_area",
        "value": "可配送区域",
        "site": "1",
        "array": "0",
        "app": "10043",
        "lang": "cn"
    },
    {
        "name": "app_shop_freight_add_distribution_area",
        "value": "新增可配送区域和运费（一个运费模板可新增多个）",
        "site": "1",
        "array": "0",
        "app": "10043",
        "lang": "cn"
    },
    {
        "name": "app_shop_freight_first_piece",
        "value": "首件（个）",
        "site": "1",
        "array": "0",
        "app": "10043",
        "lang": "cn"
    },
    {
        "name": "app_shop_freight_continued",
        "value": "续件（个）",
        "site": "1",
        "array": "0",
        "app": "10043",
        "lang": "cn"
    },
    {
        "name": "app_shop_freight_freight",
        "value": "运费",
        "site": "1",
        "array": "0",
        "app": "10043",
        "lang": "cn"
    },
    {
        "name": "app_shop_freight_renew",
        "value": "续费",
        "site": "1",
        "array": "0",
        "app": "10043",
        "lang": "cn"
    },
    {
        "name": "app_shop_freight_reftemp_set",
        "value": "运费模板-设置",
        "site": "1",
        "array": "0",
        "app": "10043",
        "lang": "cn"
    },
    {
        "name": "app_shop_freight_add_ftemp",
        "value": "新增运费模板",
        "site": "1",
        "array": "0",
        "app": "10043",
        "lang": "cn"
    },
    {
        "name": "app_shop_freight_add_area",
        "value": "预设可配送地区",
        "site": "1",
        "array": "0",
        "app": "10043",
        "lang": "cn"
    },
    {
        "name": "app_shop_freight_select_area",
        "value": "请选择可配送区域",
        "site": "1",
        "array": "0",
        "app": "10043",
        "lang": "cn"
    },
    {
        "name": "app_shop_freight_pselect",
        "value": "请选择",
        "site": "1",
        "array": "0",
        "app": "10043",
        "lang": "cn"
    },
    {
        "name": "app_shop_freight_add",
        "value": "添加",
        "site": "1",
        "array": "0",
        "app": "10043",
        "lang": "cn"
    },
    {
        "name": "app_shop_freight_refresh_area",
        "value": "添加数据后请点此刷新地区缓存",
        "site": "1",
        "array": "0",
        "app": "10043",
        "lang": "cn"
    },
    {
        "name": "app_shop_freight_add_country",
        "value": "添加国家",
        "site": "1",
        "array": "0",
        "app": "10043",
        "lang": "cn"
    },
    {
        "name": "app_shop_freight_tips9",
        "value": "运费价格相同的地区请一并选择后点击确认，再添其他运费价格区域。",
        "site": "1",
        "array": "0",
        "app": "10043",
        "lang": "cn"
    },
    {
        "name": "app_shop_freight_tips10",
        "value": "请输入国家\/地区名称，回车换行或复制换行的数据可以一次添加多条",
        "site": "1",
        "array": "0",
        "app": "10043",
        "lang": "cn"
    },
    {
        "name": "app_shop_goods_manager",
        "value": "商品管理",
        "site": "1",
        "array": "0",
        "app": "10043",
        "lang": "cn"
    },
    {
        "name": "app_shop_head_shop_module",
        "value": "-商城模块",
        "site": "1",
        "array": "0",
        "app": "10043",
        "lang": "cn"
    },
    {
        "name": "app_shop_head_order_survey",
        "value": "订单概况",
        "site": "1",
        "array": "0",
        "app": "10043",
        "lang": "cn"
    },
    {
        "name": "app_shop_head_order_all",
        "value": "所有订单",
        "site": "1",
        "array": "0",
        "app": "10043",
        "lang": "cn"
    },
    {
        "name": "app_shop_head_set",
        "value": "设置",
        "site": "1",
        "array": "0",
        "app": "10043",
        "lang": "cn"
    },
    {
        "name": "app_shop_head_help",
        "value": "帮助",
        "site": "1",
        "array": "0",
        "app": "10043",
        "lang": "cn"
    },
    {
        "name": "app_shop_head_order_reminding",
        "value": "订单提醒",
        "site": "1",
        "array": "0",
        "app": "10043",
        "lang": "cn"
    },
    {
        "name": "app_shop_head_financial_details",
        "value": "财务明细",
        "site": "1",
        "array": "0",
        "app": "10043",
        "lang": "cn"
    },
    {
        "name": "app_shop_head_goods_manager",
        "value": "商品管理",
        "site": "1",
        "array": "0",
        "app": "10043",
        "lang": "cn"
    },
    {
        "name": "app_shop_head_discount",
        "value": "优惠券与折扣",
        "site": "1",
        "array": "0",
        "app": "10043",
        "lang": "cn"
    },
    {
        "name": "app_shop_head_coupon",
        "value": "优惠券",
        "site": "1",
        "array": "0",
        "app": "10043",
        "lang": "cn"
    },
    {
        "name": "app_shop_head_order",
        "value": "订单",
        "site": "1",
        "array": "0",
        "app": "10043",
        "lang": "cn"
    },
    {
        "name": "app_shop_head_application",
        "value": "应用",
        "site": "1",
        "array": "0",
        "app": "10043",
        "lang": "cn"
    },
    {
        "name": "app_shop_order_plac_order",
        "value": "下单",
        "site": "1",
        "array": "0",
        "app": "10043",
        "lang": "cn"
    },
    {
        "name": "app_shop_order_pay",
        "value": "付款",
        "site": "1",
        "array": "0",
        "app": "10043",
        "lang": "cn"
    },
    {
        "name": "app_shop_order_deliver",
        "value": "发货",
        "site": "1",
        "array": "0",
        "app": "10043",
        "lang": "cn"
    },
    {
        "name": "app_shop_order_complete",
        "value": "完成",
        "site": "1",
        "array": "0",
        "app": "10043",
        "lang": "cn"
    },
    {
        "name": "app_shop_order_not_logistics",
        "value": "无需物流",
        "site": "1",
        "array": "0",
        "app": "10043",
        "lang": "cn"
    },
    {
        "name": "app_shop_order_logistics_info",
        "value": "物流信息",
        "site": "1",
        "array": "0",
        "app": "10043",
        "lang": "cn"
    },
    {
        "name": "app_shop_order_logistics_progress",
        "value": "物流进度",
        "site": "1",
        "array": "0",
        "app": "10043",
        "lang": "cn"
    },
    {
        "name": "app_shop_order_no",
        "value": "订单编号",
        "site": "1",
        "array": "0",
        "app": "10043",
        "lang": "cn"
    },
    {
        "name": "app_shop_order_pay_type",
        "value": "付款方式",
        "site": "1",
        "array": "0",
        "app": "10043",
        "lang": "cn"
    },
    {
        "name": "app_shop_order_buyer",
        "value": "买家",
        "site": "1",
        "array": "0",
        "app": "10043",
        "lang": "cn"
    },
    {
        "name": "app_shop_order_distribution_mode",
        "value": "配送方式",
        "site": "1",
        "array": "0",
        "app": "10043",
        "lang": "cn"
    },
    {
        "name": "app_shop_order_express_delivery",
        "value": "快递配送",
        "site": "1",
        "array": "0",
        "app": "10043",
        "lang": "cn"
    },
    {
        "name": "app_shop_order_address_info",
        "value": "收货信息",
        "site": "1",
        "array": "0",
        "app": "10043",
        "lang": "cn"
    },
    {
        "name": "app_shop_order_invoice_info",
        "value": "发票信息",
        "site": "1",
        "array": "0",
        "app": "10043",
        "lang": "cn"
    },
    {
        "name": "app_shop_order_buyer_message",
        "value": "买家留言",
        "site": "1",
        "array": "0",
        "app": "10043",
        "lang": "cn"
    },
    {
        "name": "app_shop_order_business_notes",
        "value": "商家备注",
        "site": "1",
        "array": "0",
        "app": "10043",
        "lang": "cn"
    },
    {
        "name": "app_shop_order_return_message_record",
        "value": "退货留言记录",
        "site": "1",
        "array": "0",
        "app": "10043",
        "lang": "cn"
    },
    {
        "name": "app_shop_order_reply",
        "value": "回复",
        "site": "1",
        "array": "0",
        "app": "10043",
        "lang": "cn"
    },
    {
        "name": "app_shop_order_close_tips1",
        "value": "该订单将在",
        "site": "1",
        "array": "0",
        "app": "10043",
        "lang": "cn"
    },
    {
        "name": "app_shop_order_close_tips2",
        "value": "后自动关闭",
        "site": "1",
        "array": "0",
        "app": "10043",
        "lang": "cn"
    },
    {
        "name": "app_shop_order_goods_name",
        "value": "商品名称",
        "site": "1",
        "array": "0",
        "app": "10043",
        "lang": "cn"
    },
    {
        "name": "app_shop_order_unit_price",
        "value": "单价",
        "site": "1",
        "array": "0",
        "app": "10043",
        "lang": "cn"
    },
    {
        "name": "app_shop_order_amount",
        "value": "数量",
        "site": "1",
        "array": "0",
        "app": "10043",
        "lang": "cn"
    },
    {
        "name": "app_shop_order_freight",
        "value": "运费",
        "site": "1",
        "array": "0",
        "app": "10043",
        "lang": "cn"
    },
    {
        "name": "app_shop_order_subtotal",
        "value": "小计",
        "site": "1",
        "array": "0",
        "app": "10043",
        "lang": "cn"
    },
    {
        "name": "app_shop_order_view_goods_detail",
        "value": "查看商品详情",
        "site": "1",
        "array": "0",
        "app": "10043",
        "lang": "cn"
    },
    {
        "name": "app_shop_order_amount_price",
        "value": "订单金额",
        "site": "1",
        "array": "0",
        "app": "10043",
        "lang": "cn"
    },
    {
        "name": "app_shop_order_discount",
        "value": "优惠",
        "site": "1",
        "array": "0",
        "app": "10043",
        "lang": "cn"
    },
    {
        "name": "app_shop_order_price_rise_down",
        "value": "涨价\/减免",
        "site": "1",
        "array": "0",
        "app": "10043",
        "lang": "cn"
    },
    {
        "name": "app_shop_order_real_payment",
        "value": "实付金额",
        "site": "1",
        "array": "0",
        "app": "10043",
        "lang": "cn"
    },
    {
        "name": "app_shop_order_need_logistics",
        "value": "需要物流",
        "site": "1",
        "array": "0",
        "app": "10043",
        "lang": "cn"
    },
    {
        "name": "app_shop_order_receiving_address",
        "value": "收货地址",
        "site": "1",
        "array": "0",
        "app": "10043",
        "lang": "cn"
    },
    {
        "name": "app_shop_order_logistics_company",
        "value": "物流公司",
        "site": "1",
        "array": "0",
        "app": "10043",
        "lang": "cn"
    },
    {
        "name": "app_shop_order_logistics_tips1",
        "value": "自定义物流(如果填写此项，物流公司则以此项为准)",
        "site": "1",
        "array": "0",
        "app": "10043",
        "lang": "cn"
    },
    {
        "name": "app_shop_order_logistics_tips2",
        "value": "自定义物流公司",
        "site": "1",
        "array": "0",
        "app": "10043",
        "lang": "cn"
    },
    {
        "name": "app_shop_order_logistics_tips3",
        "value": "请填写正确有效的物流单号",
        "site": "1",
        "array": "0",
        "app": "10043",
        "lang": "cn"
    },
    {
        "name": "app_shop_order_logistics_no",
        "value": "物流单号",
        "site": "1",
        "array": "0",
        "app": "10043",
        "lang": "cn"
    },
    {
        "name": "app_shop_order_price_modify",
        "value": "修改价格",
        "site": "1",
        "array": "0",
        "app": "10043",
        "lang": "cn"
    },
    {
        "name": "app_shop_order_close",
        "value": "关闭订单",
        "site": "1",
        "array": "0",
        "app": "10043",
        "lang": "cn"
    },
    {
        "name": "app_shop_order_complete",
        "value": "订单完成",
        "site": "1",
        "array": "0",
        "app": "10043",
        "lang": "cn"
    },
    {
        "name": "app_shop_order_refunds",
        "value": "退款完成",
        "site": "1",
        "array": "0",
        "app": "10043",
        "lang": "cn"
    },
    {
        "name": "app_shop_order_income",
        "value": "收入",
        "site": "1",
        "array": "0",
        "app": "10043",
        "lang": "cn"
    },
    {
        "name": "app_shop_order_income_tips1",
        "value": "上个月",
        "site": "1",
        "array": "0",
        "app": "10043",
        "lang": "cn"
    },
    {
        "name": "app_shop_order_income_tips2",
        "value": "比上个月",
        "site": "1",
        "array": "0",
        "app": "10043",
        "lang": "cn"
    },
    {
        "name": "app_shop_order_count",
        "value": "订单数",
        "site": "1",
        "array": "0",
        "app": "10043",
        "lang": "cn"
    },
    {
        "name": "app_shop_order_plac_order_user_num",
        "value": "下单人数",
        "site": "1",
        "array": "0",
        "app": "10043",
        "lang": "cn"
    },
    {
        "name": "app_shop_order_today",
        "value": "今天",
        "site": "1",
        "array": "0",
        "app": "10043",
        "lang": "cn"
    },
    {
        "name": "app_shop_order_week",
        "value": "本周",
        "site": "1",
        "array": "0",
        "app": "10043",
        "lang": "cn"
    },
    {
        "name": "app_shop_order_month",
        "value": "本月",
        "site": "1",
        "array": "0",
        "app": "10043",
        "lang": "cn"
    },
    {
        "name": "app_shop_order_order_all",
        "value": "所有订单",
        "site": "1",
        "array": "0",
        "app": "10043",
        "lang": "cn"
    },
    {
        "name": "app_shop_order_pending_papy",
        "value": "待付款",
        "site": "1",
        "array": "0",
        "app": "10043",
        "lang": "cn"
    },
    {
        "name": "app_shop_order_pending_delivery",
        "value": "待发货",
        "site": "1",
        "array": "0",
        "app": "10043",
        "lang": "cn"
    },
    {
        "name": "app_shop_order_already_shipped",
        "value": "已发货",
        "site": "1",
        "array": "0",
        "app": "10043",
        "lang": "cn"
    },
    {
        "name": "app_shop_order_conplete",
        "value": "已完成",
        "site": "1",
        "array": "0",
        "app": "10043",
        "lang": "cn"
    },
    {
        "name": "app_shop_order_closed",
        "value": "已关闭",
        "site": "1",
        "array": "0",
        "app": "10043",
        "lang": "cn"
    },
    {
        "name": "app_shop_order_order_no_usernaem",
        "value": "订单编号、会员名",
        "site": "1",
        "array": "0",
        "app": "10043",
        "lang": "cn"
    },
    {
        "name": "app_shop_order_screening_exporting",
        "value": "筛选导出",
        "site": "1",
        "array": "0",
        "app": "10043",
        "lang": "cn"
    },
    {
        "name": "app_shop_order_exporting",
        "value": "导出",
        "site": "1",
        "array": "0",
        "app": "10043",
        "lang": "cn"
    },
    {
        "name": "app_shop_order_to",
        "value": "至",
        "site": "1",
        "array": "0",
        "app": "10043",
        "lang": "cn"
    },
    {
        "name": "app_shop_order_export_option",
        "value": "导出选项",
        "site": "1",
        "array": "0",
        "app": "10043",
        "lang": "cn"
    },
    {
        "name": "app_shop_order_number",
        "value": "件数",
        "site": "1",
        "array": "0",
        "app": "10043",
        "lang": "cn"
    },
    {
        "name": "app_shop_order_username",
        "value": "会员名",
        "site": "1",
        "array": "0",
        "app": "10043",
        "lang": "cn"
    },
    {
        "name": "app_shop_order_order_time",
        "value": "下单时间",
        "site": "1",
        "array": "0",
        "app": "10043",
        "lang": "cn"
    },
    {
        "name": "app_shop_order_order_state",
        "value": "状态",
        "site": "1",
        "array": "0",
        "app": "10043",
        "lang": "cn"
    },
    {
        "name": "app_shop_order_goods",
        "value": "商品",
        "site": "1",
        "array": "0",
        "app": "10043",
        "lang": "cn"
    },
    {
        "name": "app_shop_order_refund",
        "value": "退换货",
        "site": "1",
        "array": "0",
        "app": "10043",
        "lang": "cn"
    },
    {
        "name": "app_shop_order_deny_refund",
        "value": "拒绝退换货",
        "site": "1",
        "array": "0",
        "app": "10043",
        "lang": "cn"
    },
    {
        "name": "app_shop_order_cancel_reason",
        "value": "取消原因",
        "site": "1",
        "array": "0",
        "app": "10043",
        "lang": "cn"
    },
    {
        "name": "app_shop_order_refund_reason",
        "value": "退货原因",
        "site": "1",
        "array": "0",
        "app": "10043",
        "lang": "cn"
    },
    {
        "name": "app_shop_order_reason_detail",
        "value": "原因详情",
        "site": "1",
        "array": "0",
        "app": "10043",
        "lang": "cn"
    },
    {
        "name": "app_shop_order_click_show_detail",
        "value": "点击查看详情",
        "site": "1",
        "array": "0",
        "app": "10043",
        "lang": "cn"
    },
    {
        "name": "app_shop_order_closeok",
        "value": "确定要关闭订单？",
        "site": "1",
        "array": "0",
        "app": "10043",
        "lang": "cn"
    },
    {
        "name": "app_shop_order_complateok",
        "value": "确定要将该订单设置为已完成？",
        "site": "1",
        "array": "0",
        "app": "10043",
        "lang": "cn"
    },
    {
        "name": "app_shop_order_refund_denyok",
        "value": "该订单确定要拒绝退换货？",
        "site": "1",
        "array": "0",
        "app": "10043",
        "lang": "cn"
    },
    {
        "name": "app_shop_order_refund_conplateok",
        "value": "确定要将该订单设置为已退款完成？",
        "site": "1",
        "array": "0",
        "app": "10043",
        "lang": "cn"
    },
    {
        "name": "app_shop_order_refund_conplate_tips",
        "value": "本操作不会自动生成财务退款记录，请手动在“财务明细”中扣款和入款。",
        "site": "1",
        "array": "0",
        "app": "10043",
        "lang": "cn"
    },
    {
        "name": "app_shop_order_count_tips1",
        "value": "共计",
        "site": "1",
        "array": "0",
        "app": "10043",
        "lang": "cn"
    },
    {
        "name": "app_shop_order_count_tips2",
        "value": "个商品",
        "site": "1",
        "array": "0",
        "app": "10043",
        "lang": "cn"
    },
    {
        "name": "app_shop_order_item",
        "value": "件",
        "site": "1",
        "array": "0",
        "app": "10043",
        "lang": "cn"
    },
    {
        "name": "app_shop_order_invoice",
        "value": "发票",
        "site": "1",
        "array": "0",
        "app": "10043",
        "lang": "cn"
    },
    {
        "name": "app_shop_order_select_logistics",
        "value": "请选择物流公司",
        "site": "1",
        "array": "0",
        "app": "10043",
        "lang": "cn"
    },
    {
        "name": "app_shop_order_order_closed",
        "value": "订单已关闭",
        "site": "1",
        "array": "0",
        "app": "10043",
        "lang": "cn"
    },
    {
        "name": "app_shop_order_price_modifyok",
        "value": "价格修改成功",
        "site": "1",
        "array": "0",
        "app": "10043",
        "lang": "cn"
    },
    {
        "name": "app_shop_order_buyok",
        "value": "购买成功",
        "site": "1",
        "array": "0",
        "app": "10043",
        "lang": "cn"
    },
    {
        "name": "app_shop_order_comment_modifyok",
        "value": "备注修改成功",
        "site": "1",
        "array": "0",
        "app": "10043",
        "lang": "cn"
    },
    {
        "name": "app_shop_order_error_tips1",
        "value": "订单商品缺少库存或超过限购数",
        "site": "1",
        "array": "0",
        "app": "10043",
        "lang": "cn"
    },
    {
        "name": "app_shop_order_sendok",
        "value": "发货成功",
        "site": "1",
        "array": "0",
        "app": "10043",
        "lang": "cn"
    },
    {
        "name": "app_shop_order_order_state0",
        "value": "已关闭",
        "site": "1",
        "array": "0",
        "app": "10043",
        "lang": "cn"
    },
    {
        "name": "app_shop_order_order_state1",
        "value": "待付款",
        "site": "1",
        "array": "0",
        "app": "10043",
        "lang": "cn"
    },
    {
        "name": "app_shop_order_order_state2",
        "value": "待发货",
        "site": "1",
        "array": "0",
        "app": "10043",
        "lang": "cn"
    },
    {
        "name": "app_shop_order_order_state3",
        "value": "已发货",
        "site": "1",
        "array": "0",
        "app": "10043",
        "lang": "cn"
    },
    {
        "name": "app_shop_order_order_state4",
        "value": "已完成",
        "site": "1",
        "array": "0",
        "app": "10043",
        "lang": "cn"
    },
    {
        "name": "app_shop_order_order_state5",
        "value": "退款中",
        "site": "1",
        "array": "0",
        "app": "10043",
        "lang": "cn"
    },
    {
        "name": "app_shop_order_order_state6",
        "value": "缺货退款",
        "site": "1",
        "array": "0",
        "app": "10043",
        "lang": "cn"
    },
    {
        "name": "app_shop_order_order_paymethod1",
        "value": "货到付款",
        "site": "1",
        "array": "0",
        "app": "10043",
        "lang": "cn"
    },
    {
        "name": "app_shop_order_order_paymethod2",
        "value": "公司转账",
        "site": "1",
        "array": "0",
        "app": "10043",
        "lang": "cn"
    },
    {
        "name": "app_shop_order_order_paymethod3",
        "value": "其他付款途径",
        "site": "1",
        "array": "0",
        "app": "10043",
        "lang": "cn"
    },
    {
        "name": "app_shop_order_xport_row1",
        "value": "商品名*件数",
        "site": "1",
        "array": "0",
        "app": "10043",
        "lang": "cn"
    },
    {
        "name": "app_shop_order_xport_row2",
        "value": "会员名",
        "site": "1",
        "array": "0",
        "app": "10043",
        "lang": "cn"
    },
    {
        "name": "app_shop_order_xport_row3",
        "value": "下单时间",
        "site": "1",
        "array": "0",
        "app": "10043",
        "lang": "cn"
    },
    {
        "name": "app_shop_order_xport_row4",
        "value": "状态",
        "site": "1",
        "array": "0",
        "app": "10043",
        "lang": "cn"
    },
    {
        "name": "app_shop_order_xport_row5",
        "value": "实付金额",
        "site": "1",
        "array": "0",
        "app": "10043",
        "lang": "cn"
    },
    {
        "name": "app_shop_order_xport_row6",
        "value": "收货地址",
        "site": "1",
        "array": "0",
        "app": "10043",
        "lang": "cn"
    },
    {
        "name": "app_shop_order_xport_row7",
        "value": "买家留言",
        "site": "1",
        "array": "0",
        "app": "10043",
        "lang": "cn"
    },
    {
        "name": "app_shop_order_xport_row8",
        "value": "商家备注",
        "site": "1",
        "array": "0",
        "app": "10043",
        "lang": "cn"
    },
    {
        "name": "app_shop_product_tips1",
        "value": "【规格预设】页面修改后，请点击此处【刷新预设值】再去添加规格。",
        "site": "1",
        "array": "0",
        "app": "10043",
        "lang": "cn"
    },
    {
        "name": "app_shop_product_tips2",
        "value": "客户不需要设置邮寄地址",
        "site": "1",
        "array": "0",
        "app": "10043",
        "lang": "cn"
    },
    {
        "name": "app_shop_product_tips3",
        "value": "0为不限",
        "site": "1",
        "array": "0",
        "app": "10043",
        "lang": "cn"
    },
    {
        "name": "app_shop_product_tips4",
        "value": "请先到商城-设置页面，开启【顾客可选是否开票】选项",
        "site": "1",
        "array": "0",
        "app": "10043",
        "lang": "cn"
    },
    {
        "name": "app_shop_product_tips5",
        "value": "设置完毕请关闭弹框，可在商品添加\/编辑页面点击【刷新预设值】按钮再选择预设规格\/预设值。",
        "site": "1",
        "array": "0",
        "app": "10043",
        "lang": "cn"
    },
    {
        "name": "app_shop_product_table_title",
        "value": "规格 \/ 价格 \/ 库存",
        "site": "1",
        "array": "0",
        "app": "10043",
        "lang": "cn"
    },
    {
        "name": "app_shop_product_goods_specification",
        "value": "商品规格",
        "site": "1",
        "array": "0",
        "app": "10043",
        "lang": "cn"
    },
    {
        "name": "app_shop_product_select_spec",
        "value": "选择预设规格",
        "site": "1",
        "array": "0",
        "app": "10043",
        "lang": "cn"
    },
    {
        "name": "app_shop_product_input_spec_name",
        "value": "输入规格名称",
        "site": "1",
        "array": "0",
        "app": "10043",
        "lang": "cn"
    },
    {
        "name": "app_shop_product_goods_stock",
        "value": "价格\/库存",
        "site": "1",
        "array": "0",
        "app": "10043",
        "lang": "cn"
    },
    {
        "name": "app_shop_product_price",
        "value": "价格",
        "site": "1",
        "array": "0",
        "app": "10043",
        "lang": "cn"
    },
    {
        "name": "app_shop_product_original_price",
        "value": "原价",
        "site": "1",
        "array": "0",
        "app": "10043",
        "lang": "cn"
    },
    {
        "name": "app_shop_product_show_goods_stock",
        "value": "页面显示商品库存",
        "site": "1",
        "array": "0",
        "app": "10043",
        "lang": "cn"
    },
    {
        "name": "app_shop_product_logistics_other",
        "value": "物流 \/ 其它",
        "site": "1",
        "array": "0",
        "app": "10043",
        "lang": "cn"
    },
    {
        "name": "app_shop_product_freight_set",
        "value": "运费设置",
        "site": "1",
        "array": "0",
        "app": "10043",
        "lang": "cn"
    },
    {
        "name": "app_shop_product_unified_freight",
        "value": "统一运费",
        "site": "1",
        "array": "0",
        "app": "10043",
        "lang": "cn"
    },
    {
        "name": "app_shop_product_temp_freight",
        "value": "运费模板",
        "site": "1",
        "array": "0",
        "app": "10043",
        "lang": "cn"
    },
    {
        "name": "app_shop_product_create",
        "value": "新建",
        "site": "1",
        "array": "0",
        "app": "10043",
        "lang": "cn"
    },
    {
        "name": "app_shop_product_refresh",
        "value": "刷新",
        "site": "1",
        "array": "0",
        "app": "10043",
        "lang": "cn"
    },
    {
        "name": "app_shop_product_not_logistics",
        "value": "无需物流",
        "site": "1",
        "array": "0",
        "app": "10043",
        "lang": "cn"
    },
    {
        "name": "app_shop_product_message_set",
        "value": "要求留言",
        "site": "1",
        "array": "0",
        "app": "10043",
        "lang": "cn"
    },
    {
        "name": "app_shop_product_add_field",
        "value": "+添加字段",
        "site": "1",
        "array": "0",
        "app": "10043",
        "lang": "cn"
    },
    {
        "name": "app_shop_product_field_name",
        "value": "字段名称",
        "site": "1",
        "array": "0",
        "app": "10043",
        "lang": "cn"
    },
    {
        "name": "app_shop_product_multiline",
        "value": "多行",
        "site": "1",
        "array": "0",
        "app": "10043",
        "lang": "cn"
    },
    {
        "name": "app_shop_product_required",
        "value": "必填",
        "site": "1",
        "array": "0",
        "app": "10043",
        "lang": "cn"
    },
    {
        "name": "app_shop_product_restrictions",
        "value": "每人限购",
        "site": "1",
        "array": "0",
        "app": "10043",
        "lang": "cn"
    },
    {
        "name": "app_shop_product_user_discount",
        "value": "会员折扣",
        "site": "1",
        "array": "0",
        "app": "10043",
        "lang": "cn"
    },
    {
        "name": "app_shop_product_not_discount",
        "value": "不参加会员折扣",
        "site": "1",
        "array": "0",
        "app": "10043",
        "lang": "cn"
    },
    {
        "name": "app_shop_product_invoice",
        "value": "发票",
        "site": "1",
        "array": "0",
        "app": "10043",
        "lang": "cn"
    },
    {
        "name": "app_shop_product_exist",
        "value": "有",
        "site": "1",
        "array": "0",
        "app": "10043",
        "lang": "cn"
    },
    {
        "name": "app_shop_product_not_exist",
        "value": "无",
        "site": "1",
        "array": "0",
        "app": "10043",
        "lang": "cn"
    },
    {
        "name": "app_shop_product_vgoods_delivery",
        "value": "虚拟商品自动发货",
        "site": "1",
        "array": "0",
        "app": "10043",
        "lang": "cn"
    },
    {
        "name": "app_shop_product_vgoods_delivery_open",
        "value": "开启此功能，请保存商品后，在商品管理列表页设置自动发货码",
        "site": "1",
        "array": "0",
        "app": "10043",
        "lang": "cn"
    },
    {
        "name": "app_shop_product_publish",
        "value": "发布商品",
        "site": "1",
        "array": "0",
        "app": "10043",
        "lang": "cn"
    },
    {
        "name": "app_shop_product_search",
        "value": "搜索",
        "site": "1",
        "array": "0",
        "app": "10043",
        "lang": "cn"
    },
    {
        "name": "app_shop_product_product",
        "value": "商品",
        "site": "1",
        "array": "0",
        "app": "10043",
        "lang": "cn"
    },
    {
        "name": "app_shop_product_price",
        "value": "价格",
        "site": "1",
        "array": "0",
        "app": "10043",
        "lang": "cn"
    },
    {
        "name": "app_shop_product_hits",
        "value": "访问量",
        "site": "1",
        "array": "0",
        "app": "10043",
        "lang": "cn"
    },
    {
        "name": "app_shop_product_stock",
        "value": "库存",
        "site": "1",
        "array": "0",
        "app": "10043",
        "lang": "cn"
    },
    {
        "name": "app_shop_product_stock",
        "value": "总库存",
        "site": "1",
        "array": "0",
        "app": "10043",
        "lang": "cn"
    },
    {
        "name": "app_shop_product_total_sales",
        "value": "总销量",
        "site": "1",
        "array": "0",
        "app": "10043",
        "lang": "cn"
    },
    {
        "name": "app_shop_product_update_time",
        "value": "更新日期",
        "site": "1",
        "array": "0",
        "app": "10043",
        "lang": "cn"
    },
    {
        "name": "app_shop_product_search_option1",
        "value": "状态",
        "site": "1",
        "array": "0",
        "app": "10043",
        "lang": "cn"
    },
    {
        "name": "app_shop_product_search_option2",
        "value": "前台隐藏",
        "site": "1",
        "array": "0",
        "app": "10043",
        "lang": "cn"
    },
    {
        "name": "app_shop_product_search_option3",
        "value": "推荐",
        "site": "1",
        "array": "0",
        "app": "10043",
        "lang": "cn"
    },
    {
        "name": "app_shop_product_search_option4",
        "value": "已售罄",
        "site": "1",
        "array": "0",
        "app": "10043",
        "lang": "cn"
    },
    {
        "name": "app_shop_product_order_by",
        "value": "排序",
        "site": "1",
        "array": "0",
        "app": "10043",
        "lang": "cn"
    },
    {
        "name": "app_shop_product_order_by_tips1",
        "value": "越大越靠前",
        "site": "1",
        "array": "0",
        "app": "10043",
        "lang": "cn"
    },
    {
        "name": "app_shop_spec_more",
        "value": "预设更多规格",
        "site": "1",
        "array": "0",
        "app": "10043",
        "lang": "cn"
    },
    {
        "name": "app_shop_spec_setting",
        "value": "规格预设",
        "site": "1",
        "array": "0",
        "app": "10043",
        "lang": "cn"
    },
    {
        "name": "app_shop_spec_refresh",
        "value": "刷新预设值",
        "site": "1",
        "array": "0",
        "app": "10043",
        "lang": "cn"
    },
    {
        "name": "app_shop_specification_setting",
        "value": "规格库管理-商城",
        "site": "1",
        "array": "1",
        "app": "10043",
        "lang": "cn"
    },
    {
        "name": "app_shop_spce_tips1",
        "value": "请输入规格名称",
        "site": "1",
        "array": "1",
        "app": "10043",
        "lang": "cn"
    },
    {
        "name": "app_shop_spce_tips2",
        "value": "请输规格入值",
        "site": "1",
        "array": "1",
        "app": "10043",
        "lang": "cn"
    },
    {
        "name": "app_shop_spce_tips3",
        "value": "添加【规格\/规格值】后必须修改【规格名称\/规格值】才能添加下一个【规格\/规格值】；修改后，鼠标离开输入框并点击页面任意区域或者按【Enter】键即可保存生效；",
        "site": "1",
        "array": "1",
        "app": "10043",
        "lang": "cn"
    },
    {
        "name": "app_shop_spce_management",
        "value": "规格库管理",
        "site": "1",
        "array": "1",
        "app": "10043",
        "lang": "cn"
    },
    {
        "name": "app_shop_spce_name",
        "value": "规格名称",
        "site": "1",
        "array": "1",
        "app": "10043",
        "lang": "cn"
    },
    {
        "name": "app_shop_spce_value",
        "value": "规格值",
        "site": "1",
        "array": "1",
        "app": "10043",
        "lang": "cn"
    },
    {
        "name": "app_shop_spce_value_add",
        "value": "添加规格值",
        "site": "1",
        "array": "1",
        "app": "10043",
        "lang": "cn"
    },
    {
        "name": "app_shop_spce_add",
        "value": "添加规格",
        "site": "1",
        "array": "1",
        "app": "10043",
        "lang": "cn"
    },
    {
        "name": "app_shop_card_manager",
        "value": "商品管理",
        "site": "1",
        "array": "0",
        "app": "10043",
        "lang": "cn"
    },
    {
        "name": "app_shop_card_table_row1",
        "value": "规格组",
        "site": "1",
        "array": "0",
        "app": "10043",
        "lang": "cn"
    },
    {
        "name": "app_shop_card_table_row2",
        "value": "总数 \/ 已发放 \/ 已使用 \/ 可发放",
        "site": "1",
        "array": "0",
        "app": "10043",
        "lang": "cn"
    },
    {
        "name": "app_shop_card_table_row3",
        "value": "未发放",
        "site": "1",
        "array": "0",
        "app": "10043",
        "lang": "cn"
    },
    {
        "name": "app_shop_card_table_row4",
        "value": "已发放",
        "site": "1",
        "array": "0",
        "app": "10043",
        "lang": "cn"
    },
    {
        "name": "app_shop_card_table_row5",
        "value": "已使用",
        "site": "1",
        "array": "0",
        "app": "10043",
        "lang": "cn"
    },
    {
        "name": "app_shop_card_add_card",
        "value": "添加发货码",
        "site": "1",
        "array": "0",
        "app": "10043",
        "lang": "cn"
    },
    {
        "name": "app_shop_card_tips1",
        "value": "请输入发货码，回车换行或复制换行的数据可以一次添加多条",
        "site": "1",
        "array": "0",
        "app": "10043",
        "lang": "cn"
    },
    {
        "name": "app_shop_card_title_modify",
        "value": "修改",
        "site": "1",
        "array": "0",
        "app": "10043",
        "lang": "cn"
    },
    {
        "name": "app_shop_remind_title",
        "value": "管理员提醒-订单提醒",
        "site": "1",
        "array": "0",
        "app": "10043",
        "lang": "cn"
    },
    {
        "name": "app_shop_remind_tips1",
        "value": "当用户付款后，提醒管理员发货",
        "site": "1",
        "array": "0",
        "app": "10043",
        "lang": "cn"
    },
    {
        "name": "app_shop_remind_tips2",
        "value": "可设置多个",
        "site": "1",
        "array": "0",
        "app": "10043",
        "lang": "cn"
    },
    {
        "name": "app_shop_remind_tips3",
        "value": "输入手机号码，按回车键添加后点击保存方可生效",
        "site": "1",
        "array": "0",
        "app": "10043",
        "lang": "cn"
    },
    {
        "name": "app_shop_remind_tips4",
        "value": "输入邮箱地址，按回车键添加后点击保存方可生效",
        "site": "1",
        "array": "0",
        "app": "10043",
        "lang": "cn"
    },
    {
        "name": "app_shop_remind_phone_number",
        "value": "手机号码",
        "site": "1",
        "array": "0",
        "app": "10043",
        "lang": "cn"
    },
    {
        "name": "app_shop_remind_mail",
        "value": "邮箱地址",
        "site": "1",
        "array": "0",
        "app": "10043",
        "lang": "cn"
    },
    {
        "name": "app_shop_remind_userremind",
        "value": "用户提醒",
        "site": "1",
        "array": "0",
        "app": "10043",
        "lang": "cn"
    },
    {
        "name": "app_shop_remind_adminremind",
        "value": "管理员提醒",
        "site": "1",
        "array": "0",
        "app": "10043",
        "lang": "cn"
    },
    {
        "name": "app_shop_remind_user_title",
        "value": "用户提醒-订单提醒",
        "site": "1",
        "array": "0",
        "app": "10043",
        "lang": "cn"
    },
    {
        "name": "app_shop_remind_tips5",
        "value": "请先配置好「发件箱」和「短信」功能",
        "site": "1",
        "array": "0",
        "app": "10043",
        "lang": "cn"
    },
    {
        "name": "app_shop_remind_tips6",
        "value": "设置-基本信息-邮件发送设置",
        "site": "1",
        "array": "0",
        "app": "10043",
        "lang": "cn"
    },
    {
        "name": "app_shop_remind_tips7",
        "value": "「短信」我的应用-短信功能",
        "site": "1",
        "array": "0",
        "app": "10043",
        "lang": "cn"
    },
    {
        "name": "app_shop_remind_tips8",
        "value": "可用参数，下列参数在提醒内容中会被转意为可变参数。",
        "site": "1",
        "array": "0",
        "app": "10043",
        "lang": "cn"
    },
    {
        "name": "app_shop_remind_ordernum",
        "value": "订单号",
        "site": "1",
        "array": "0",
        "app": "10043",
        "lang": "cn"
    },
    {
        "name": "app_shop_remind_suername",
        "value": "会员名",
        "site": "1",
        "array": "0",
        "app": "10043",
        "lang": "cn"
    },
    {
        "name": "app_shop_remind_logistics",
        "value": "物流公司",
        "site": "1",
        "array": "0",
        "app": "10043",
        "lang": "cn"
    },
    {
        "name": "app_shop_remind_courier_number",
        "value": "快递单号",
        "site": "1",
        "array": "0",
        "app": "10043",
        "lang": "cn"
    },
    {
        "name": "app_shop_remind_ordered",
        "value": "下单后",
        "site": "1",
        "array": "0",
        "app": "10043",
        "lang": "cn"
    },
    {
        "name": "app_shop_remind_payed",
        "value": "付款后",
        "site": "1",
        "array": "0",
        "app": "10043",
        "lang": "cn"
    },
    {
        "name": "app_shop_remind_send",
        "value": "发货后",
        "site": "1",
        "array": "0",
        "app": "10043",
        "lang": "cn"
    },
    {
        "name": "app_shop_remind_short_message_reminding",
        "value": "是否短信提醒",
        "site": "1",
        "array": "0",
        "app": "10043",
        "lang": "cn"
    },
    {
        "name": "app_shop_remind_message_set",
        "value": "短信设置",
        "site": "1",
        "array": "0",
        "app": "10043",
        "lang": "cn"
    },
    {
        "name": "app_shop_remind_short_mail_reminding",
        "value": "是否邮件提醒",
        "site": "1",
        "array": "0",
        "app": "10043",
        "lang": "cn"
    },
    {
        "name": "app_shop_remind_mail_set",
        "value": "邮件设置",
        "site": "1",
        "array": "0",
        "app": "10043",
        "lang": "cn"
    },
    {
        "name": "app_shop_remind_mail_title",
        "value": "邮件标题",
        "site": "1",
        "array": "0",
        "app": "10043",
        "lang": "cn"
    },
    {
        "name": "app_shop_remind_mail_content",
        "value": "邮件内容",
        "site": "1",
        "array": "0",
        "app": "10043",
        "lang": "cn"
    },
    {
        "name": "app_shop_remind_reminding",
        "value": "是否提醒",
        "site": "1",
        "array": "0",
        "app": "10043",
        "lang": "cn"
    },
    {
        "name": "app_shop_set_basic_setting",
        "value": "基本设置",
        "site": "1",
        "array": "0",
        "app": "10043",
        "lang": "cn"
    },
    {
        "name": "app_shop_set_pay_setting",
        "value": "支付设置",
        "site": "1",
        "array": "0",
        "app": "10043",
        "lang": "cn"
    },
    {
        "name": "app_shop_set_temp_freight_setting",
        "value": "运费模板",
        "site": "1",
        "array": "0",
        "app": "10043",
        "lang": "cn"
    },
    {
        "name": "app_shop_set_price_setting",
        "value": "价格设置",
        "site": "1",
        "array": "0",
        "app": "10043",
        "lang": "cn"
    },
    {
        "name": "app_shop_set_discount_setting",
        "value": "优惠打折",
        "site": "1",
        "array": "0",
        "app": "10043",
        "lang": "cn"
    },
    {
        "name": "app_shop_set_shop_switch",
        "value": "商城模块开关",
        "site": "1",
        "array": "0",
        "app": "10043",
        "lang": "cn"
    },
    {
        "name": "app_shop_set_shop_tips1",
        "value": "关闭后商城模块所有功能失效",
        "site": "1",
        "array": "0",
        "app": "10043",
        "lang": "cn"
    },
    {
        "name": "app_shop_set_shop_tips2",
        "value": "本功能只支持中国大陆常用物流公司，购买物流套餐后方可开启。",
        "site": "1",
        "array": "0",
        "app": "10043",
        "lang": "cn"
    },
    {
        "name": "app_shop_set_shop_tips3",
        "value": "购买物流套餐后解冻。",
        "site": "1",
        "array": "0",
        "app": "10043",
        "lang": "cn"
    },
    {
        "name": "app_shop_set_shop_tips4",
        "value": "开启物流跟踪，可查看物流进度。",
        "site": "1",
        "array": "0",
        "app": "10043",
        "lang": "cn"
    },
    {
        "name": "app_shop_set_shop_tips5",
        "value": "剩余消费次数",
        "site": "1",
        "array": "0",
        "app": "10043",
        "lang": "cn"
    },
    {
        "name": "app_shop_set_shop_tips6",
        "value": "购买物流套餐",
        "site": "1",
        "array": "0",
        "app": "10043",
        "lang": "cn"
    },
    {
        "name": "app_shop_set_shop_tips7",
        "value": "消费提示：每查询 1000 次消费 10 元",
        "site": "1",
        "array": "0",
        "app": "10043",
        "lang": "cn"
    },
    {
        "name": "app_shop_set_shop_tips8",
        "value": "开启游客模式，用户点击登录后可以免注册购买",
        "site": "1",
        "array": "0",
        "app": "10043",
        "lang": "cn"
    },
    {
        "name": "app_shop_set_shop_tips9",
        "value": "允许用户在订单未发货时自行退款",
        "site": "1",
        "array": "0",
        "app": "10043",
        "lang": "cn"
    },
    {
        "name": "app_shop_set_shop_tips10",
        "value": "取消订单原由（输入后可以敲击回车键添加多个原由，点击页面保存方可生效）",
        "site": "1",
        "array": "0",
        "app": "10043",
        "lang": "cn"
    },
    {
        "name": "app_shop_set_shop_tips11",
        "value": "退换货原由（输入后可以敲击回车键添加多个原由，点击页面保存方可生效）",
        "site": "1",
        "array": "0",
        "app": "10043",
        "lang": "cn"
    },
    {
        "name": "app_shop_set_shop_tips12",
        "value": "未完成订单减少库存",
        "site": "1",
        "array": "0",
        "app": "10043",
        "lang": "cn"
    },
    {
        "name": "app_shop_set_shop_tips13",
        "value": "输入发票内容，按回车键添加",
        "site": "1",
        "array": "0",
        "app": "10043",
        "lang": "cn"
    },
    {
        "name": "app_shop_set_shop_tips14",
        "value": "可用官网或交流论坛账号直接登录",
        "site": "1",
        "array": "0",
        "app": "10043",
        "lang": "cn"
    },
    {
        "name": "app_shop_set_shop_tips15",
        "value": "需要配置好支付接口，会员可以在线支付或账户余额支付",
        "site": "1",
        "array": "0",
        "app": "10043",
        "lang": "cn"
    },
    {
        "name": "app_shop_set_shop_tips16",
        "value": "请先关闭在线支付再开启货到付款功能，货到付款开启后用户下单会直接进入发货流程。",
        "site": "1",
        "array": "0",
        "app": "10043",
        "lang": "cn"
    },
    {
        "name": "app_shop_set_guest_mod",
        "value": "游客模式",
        "site": "1",
        "array": "0",
        "app": "10043",
        "lang": "cn"
    },
    {
        "name": "app_shop_set_second",
        "value": "次",
        "site": "1",
        "array": "0",
        "app": "10043",
        "lang": "cn"
    },
    {
        "name": "app_shop_set_logistics_tracking",
        "value": "物流跟踪",
        "site": "1",
        "array": "0",
        "app": "10043",
        "lang": "cn"
    },
    {
        "name": "app_shop_set_cancel_order",
        "value": "取消订单功能",
        "site": "1",
        "array": "0",
        "app": "10043",
        "lang": "cn"
    },
    {
        "name": "app_shop_set_refund_order",
        "value": "退换货功能",
        "site": "1",
        "array": "0",
        "app": "10043",
        "lang": "cn"
    },
    {
        "name": "app_shop_set_refund_hints",
        "value": "用户提交退换货时的提示信息",
        "site": "1",
        "array": "0",
        "app": "10043",
        "lang": "cn"
    },
    {
        "name": "app_shop_set_stock_type",
        "value": "库存变更设置",
        "site": "1",
        "array": "0",
        "app": "10043",
        "lang": "cn"
    },
    {
        "name": "app_shop_set_show_goods_order",
        "value": "推荐商品显示规则",
        "site": "1",
        "array": "0",
        "app": "10043",
        "lang": "cn"
    },
    {
        "name": "app_shop_set_goods_detail",
        "value": "商品详情页",
        "site": "1",
        "array": "0",
        "app": "10043",
        "lang": "cn"
    },
    {
        "name": "app_shop_set_goods_select",
        "value": "产品选择",
        "site": "1",
        "array": "0",
        "app": "10043",
        "lang": "cn"
    },
    {
        "name": "app_shop_set_goods_all_goods",
        "value": "产品所在栏目下全部商品",
        "site": "1",
        "array": "0",
        "app": "10043",
        "lang": "cn"
    },
    {
        "name": "app_shop_set_shop_com_goods",
        "value": "商城中设置的推荐商品",
        "site": "1",
        "array": "0",
        "app": "10043",
        "lang": "cn"
    },
    {
        "name": "app_shop_set_module_com_goods",
        "value": "产品所在栏目下推荐商品",
        "site": "1",
        "array": "0",
        "app": "10043",
        "lang": "cn"
    },
    {
        "name": "app_shop_set_sort_rule",
        "value": "排序规则",
        "site": "1",
        "array": "0",
        "app": "10043",
        "lang": "cn"
    },
    {
        "name": "app_shop_set_order_by_module",
        "value": "按照该栏目设置的排序方式",
        "site": "1",
        "array": "0",
        "app": "10043",
        "lang": "cn"
    },
    {
        "name": "app_shop_set_order_by_hits",
        "value": "按照点击次数排序",
        "site": "1",
        "array": "0",
        "app": "10043",
        "lang": "cn"
    },
    {
        "name": "app_shop_set_order_by_update_time",
        "value": "按照更新时间排序",
        "site": "1",
        "array": "0",
        "app": "10043",
        "lang": "cn"
    },
    {
        "name": "app_shop_set_show_goods_amount",
        "value": "商品显示数量",
        "site": "1",
        "array": "0",
        "app": "10043",
        "lang": "cn"
    },
    {
        "name": "app_shop_set_show_cart_page",
        "value": "购物车页面",
        "site": "1",
        "array": "0",
        "app": "10043",
        "lang": "cn"
    },
    {
        "name": "app_shop_set_shop_all_goods",
        "value": "商城中全部商品",
        "site": "1",
        "array": "0",
        "app": "10043",
        "lang": "cn"
    },
    {
        "name": "app_shop_set_order_state_auto",
        "value": "订单状态自动化",
        "site": "1",
        "array": "0",
        "app": "10043",
        "lang": "cn"
    },
    {
        "name": "app_shop_set_order_auto_close",
        "value": "订单自动关闭",
        "site": "1",
        "array": "0",
        "app": "10043",
        "lang": "cn"
    },
    {
        "name": "app_shop_set_order_auto_close_tips",
        "value": "分钟，超过时间未付款自动关闭订单",
        "site": "1",
        "array": "0",
        "app": "10043",
        "lang": "cn"
    },
    {
        "name": "app_shop_set_order_auto_complete",
        "value": "订单自动完成",
        "site": "1",
        "array": "0",
        "app": "10043",
        "lang": "cn"
    },
    {
        "name": "app_shop_set_order_auto_complete_tips",
        "value": "天数，已发货订单将自动分类成已完成，设置为 0 则发货即完成",
        "site": "1",
        "array": "0",
        "app": "10043",
        "lang": "cn"
    },
    {
        "name": "app_shop_set_order_auto_delete",
        "value": "订单自动删除",
        "site": "1",
        "array": "0",
        "app": "10043",
        "lang": "cn"
    },
    {
        "name": "app_shop_set_order_auto_delete_tips",
        "value": "天数，仅删除已关闭的订单，已关闭订单达到指定天数自动删除",
        "site": "1",
        "array": "0",
        "app": "10043",
        "lang": "cn"
    },
    {
        "name": "app_shop_set_invoice_setting",
        "value": "发票设置",
        "site": "1",
        "array": "0",
        "app": "10043",
        "lang": "cn"
    },
    {
        "name": "app_shop_set_plain_invoice",
        "value": "普通发票",
        "site": "1",
        "array": "0",
        "app": "10043",
        "lang": "cn"
    },
    {
        "name": "app_shop_set_invoice_able",
        "value": "顾客可选是否开票",
        "site": "1",
        "array": "0",
        "app": "10043",
        "lang": "cn"
    },
    {
        "name": "app_shop_set_invoice_content",
        "value": "可选发票内容",
        "site": "1",
        "array": "0",
        "app": "10043",
        "lang": "cn"
    },
    {
        "name": "app_shop_set_logistics_package",
        "value": "物流套餐",
        "site": "1",
        "array": "0",
        "app": "10043",
        "lang": "cn"
    },
    {
        "name": "app_shop_set_logistics_table_title1",
        "value": "价格 \/ 元",
        "site": "1",
        "array": "0",
        "app": "10043",
        "lang": "cn"
    },
    {
        "name": "app_shop_set_logistics_table_title2",
        "value": "消费次数 \/ 次",
        "site": "1",
        "array": "0",
        "app": "10043",
        "lang": "cn"
    },
    {
        "name": "app_shop_set_account_login",
        "value": "应用账号登录",
        "site": "1",
        "array": "0",
        "app": "10043",
        "lang": "cn"
    },
    {
        "name": "app_shop_set_payapi_setting",
        "value": "支付接口配置",
        "site": "1",
        "array": "0",
        "app": "10043",
        "lang": "cn"
    },
    {
        "name": "app_shop_paymentcod",
        "value": "货到付款",
        "site": "1",
        "array": "1",
        "app": "10043",
        "lang": "cn"
    },
    {
        "name": "app_shop_paymentonline",
        "value": "在线支付",
        "site": "1",
        "array": "1",
        "app": "10043",
        "lang": "cn"
    },
    {
        "name": "app_shop_paymentmod",
        "value": "支付方式",
        "site": "1",
        "array": "1",
        "app": "10043",
        "lang": "cn"
    },
    {
        "name": "app_shop_set_price_default_setting",
        "value": "价格默认设置方式",
        "site": "1",
        "array": "1",
        "app": "10043",
        "lang": "cn"
    },
    {
        "name": "app_shop_set_price_unified_price",
        "value": "统一价格",
        "site": "1",
        "array": "1",
        "app": "10043",
        "lang": "cn"
    },
    {
        "name": "app_shop_set_price_by_group",
        "value": "按会员组设置",
        "site": "1",
        "array": "1",
        "app": "10043",
        "lang": "cn"
    },
    {
        "name": "app_shop_set_group_setting",
        "value": "会员组设置",
        "site": "1",
        "array": "1",
        "app": "10043",
        "lang": "cn"
    },
    {
        "name": "app_shop_set_price_setting_example",
        "value": "例如0.8",
        "site": "1",
        "array": "1",
        "app": "10043",
        "lang": "cn"
    },
    {
        "name": "app_shop_set_price_zhe",
        "value": "折",
        "site": "1",
        "array": "1",
        "app": "10043",
        "lang": "cn"
    },
    {
        "name": "app_shopv2_para_search",
        "value": "商品列表参数筛选",
        "site": "1",
        "array": "0",
        "app": "10043",
        "lang": "cn"
    },
    {
        "name": "app_shopv2_para_search_tips",
        "value": "开启则使用商城参数筛选（需要前台模板支持）",
        "site": "1",
        "array": "0",
        "app": "10043",
        "lang": "cn"
    }
]