{
    "shopv2_address": {
        "id": {
            "Field": "id",
            "Type": "int(11)",
            "Collation": null,
            "Null": "NO",
            "Key": "PRI",
            "Default": null,
            "Extra": "auto_increment",
            "Privileges": "select,insert,update,references",
            "Comment": ""
        },
        "uid": {
            "Field": "uid",
            "Type": "int(11)",
            "Collation": null,
            "Null": "NO",
            "Key": "",
            "Default": null,
            "Extra": "",
            "Privileges": "select,insert,update,references",
            "Comment": "所属用户"
        },
        "de": {
            "Field": "de",
            "Type": "int(1)",
            "Collation": null,
            "Null": "NO",
            "Key": "",
            "Default": null,
            "Extra": "",
            "Privileges": "select,insert,update,references",
            "Comment": "默认收货地址"
        },
        "name": {
            "Field": "name",
            "Type": "varchar(50)",
            "Collation": "utf8_general_ci",
            "Null": "NO",
            "Key": "",
            "Default": null,
            "Extra": "",
            "Privileges": "select,insert,update,references",
            "Comment": "收件人"
        },
        "zone_coun": {
            "Field": "zone_coun",
            "Type": "varchar(50)",
            "Collation": "utf8_general_ci",
            "Null": "NO",
            "Key": "",
            "Default": null,
            "Extra": "",
            "Privileges": "select,insert,update,references",
            "Comment": "国家"
        },
        "zone_p": {
            "Field": "zone_p",
            "Type": "varchar(50)",
            "Collation": "utf8_general_ci",
            "Null": "NO",
            "Key": "",
            "Default": null,
            "Extra": "",
            "Privileges": "select,insert,update,references",
            "Comment": "省"
        },
        "zone_c": {
            "Field": "zone_c",
            "Type": "varchar(50)",
            "Collation": "utf8_general_ci",
            "Null": "NO",
            "Key": "",
            "Default": null,
            "Extra": "",
            "Privileges": "select,insert,update,references",
            "Comment": "市"
        },
        "zone_d": {
            "Field": "zone_d",
            "Type": "varchar(50)",
            "Collation": "utf8_general_ci",
            "Null": "NO",
            "Key": "",
            "Default": null,
            "Extra": "",
            "Privileges": "select,insert,update,references",
            "Comment": "区"
        },
        "zone_a": {
            "Field": "zone_a",
            "Type": "varchar(100)",
            "Collation": "utf8_general_ci",
            "Null": "NO",
            "Key": "",
            "Default": null,
            "Extra": "",
            "Privileges": "select,insert,update,references",
            "Comment": "详细"
        },
        "zone_code": {
            "Field": "zone_code",
            "Type": "varchar(100)",
            "Collation": "utf8_general_ci",
            "Null": "NO",
            "Key": "",
            "Default": null,
            "Extra": "",
            "Privileges": "select,insert,update,references",
            "Comment": ""
        },
        "tel": {
            "Field": "tel",
            "Type": "varchar(50)",
            "Collation": "utf8_general_ci",
            "Null": "NO",
            "Key": "",
            "Default": null,
            "Extra": "",
            "Privileges": "select,insert,update,references",
            "Comment": "电话"
        },
        "fixed": {
            "Field": "fixed",
            "Type": "varchar(50)",
            "Collation": "utf8_general_ci",
            "Null": "NO",
            "Key": "",
            "Default": null,
            "Extra": "",
            "Privileges": "select,insert,update,references",
            "Comment": "固话"
        },
        "email": {
            "Field": "email",
            "Type": "varchar(50)",
            "Collation": "utf8_general_ci",
            "Null": "NO",
            "Key": "",
            "Default": null,
            "Extra": "",
            "Privileges": "select,insert,update,references",
            "Comment": "电子邮件地址"
        },
        "lang": {
            "Field": "lang",
            "Type": "varchar(50)",
            "Collation": "utf8_general_ci",
            "Null": "NO",
            "Key": "",
            "Default": null,
            "Extra": "",
            "Privileges": "select,insert,update,references",
            "Comment": "所属语言"
        }
    },
    "shopv2_card": {
        "id": {
            "Field": "id",
            "Type": "int(11) unsigned",
            "Collation": null,
            "Null": "NO",
            "Key": "PRI",
            "Default": null,
            "Extra": "auto_increment",
            "Privileges": "select,insert,update,references",
            "Comment": ""
        },
        "pid": {
            "Field": "pid",
            "Type": "int(11)",
            "Collation": null,
            "Null": "NO",
            "Key": "",
            "Default": null,
            "Extra": "",
            "Privileges": "select,insert,update,references",
            "Comment": "商品ID"
        },
        "splist_id": {
            "Field": "splist_id",
            "Type": "int(11)",
            "Collation": null,
            "Null": "YES",
            "Key": "",
            "Default": null,
            "Extra": "",
            "Privileges": "select,insert,update,references",
            "Comment": "上品规格ID"
        },
        "card": {
            "Field": "card",
            "Type": "text",
            "Collation": "utf8_general_ci",
            "Null": "YES",
            "Key": "",
            "Default": null,
            "Extra": "",
            "Privileges": "select,insert,update,references",
            "Comment": "发卡能容"
        },
        "state": {
            "Field": "state",
            "Type": "int(11)",
            "Collation": null,
            "Null": "YES",
            "Key": "",
            "Default": null,
            "Extra": "",
            "Privileges": "select,insert,update,references",
            "Comment": "状态 1未使用  2已发放  3已使用"
        },
        "orderid": {
            "Field": "orderid",
            "Type": "int(20)",
            "Collation": null,
            "Null": "YES",
            "Key": "",
            "Default": null,
            "Extra": "",
            "Privileges": "select,insert,update,references",
            "Comment": "订单ID"
        },
        "uid": {
            "Field": "uid",
            "Type": "int(11)",
            "Collation": null,
            "Null": "YES",
            "Key": "",
            "Default": null,
            "Extra": "",
            "Privileges": "select,insert,update,references",
            "Comment": "用户ID"
        },
        "granttime": {
            "Field": "granttime",
            "Type": "int(20)",
            "Collation": null,
            "Null": "YES",
            "Key": "",
            "Default": null,
            "Extra": "",
            "Privileges": "select,insert,update,references",
            "Comment": "发卡时间"
        },
        "addtime": {
            "Field": "addtime",
            "Type": "int(20)",
            "Collation": null,
            "Null": "YES",
            "Key": "",
            "Default": null,
            "Extra": "",
            "Privileges": "select,insert,update,references",
            "Comment": ""
        },
        "lang": {
            "Field": "lang",
            "Type": "varchar(50)",
            "Collation": "utf8_general_ci",
            "Null": "YES",
            "Key": "",
            "Default": null,
            "Extra": "",
            "Privileges": "select,insert,update,references",
            "Comment": ""
        }
    },
    "shopv2_cart": {
        "id": {
            "Field": "id",
            "Type": "int(11)",
            "Collation": null,
            "Null": "NO",
            "Key": "PRI",
            "Default": null,
            "Extra": "auto_increment",
            "Privileges": "select,insert,update,references",
            "Comment": ""
        },
        "uid": {
            "Field": "uid",
            "Type": "int(11)",
            "Collation": null,
            "Null": "NO",
            "Key": "",
            "Default": null,
            "Extra": "",
            "Privileges": "select,insert,update,references",
            "Comment": "用户ID"
        },
        "pid": {
            "Field": "pid",
            "Type": "int(11)",
            "Collation": null,
            "Null": "NO",
            "Key": "",
            "Default": null,
            "Extra": "",
            "Privileges": "select,insert,update,references",
            "Comment": "商品ID"
        },
        "splist_id": {
            "Field": "splist_id",
            "Type": "int(11)",
            "Collation": null,
            "Null": "NO",
            "Key": "",
            "Default": null,
            "Extra": "",
            "Privileges": "select,insert,update,references",
            "Comment": "商品规格ID"
        },
        "para_str": {
            "Field": "para_str",
            "Type": "varchar(1000)",
            "Collation": "utf8_general_ci",
            "Null": "NO",
            "Key": "",
            "Default": null,
            "Extra": "",
            "Privileges": "select,insert,update,references",
            "Comment": "字段信息"
        },
        "amount": {
            "Field": "amount",
            "Type": "int(11)",
            "Collation": null,
            "Null": "NO",
            "Key": "",
            "Default": null,
            "Extra": "",
            "Privileges": "select,insert,update,references",
            "Comment": "数量"
        },
        "lang": {
            "Field": "lang",
            "Type": "varchar(50)",
            "Collation": "utf8_general_ci",
            "Null": "NO",
            "Key": "",
            "Default": null,
            "Extra": "",
            "Privileges": "select,insert,update,references",
            "Comment": ""
        }
    },
    "shopv2_converse": {
        "id": {
            "Field": "id",
            "Type": "int(11) unsigned",
            "Collation": null,
            "Null": "NO",
            "Key": "PRI",
            "Default": null,
            "Extra": "auto_increment",
            "Privileges": "select,insert,update,references",
            "Comment": ""
        },
        "order_id": {
            "Field": "order_id",
            "Type": "varchar(50)",
            "Collation": "utf8_general_ci",
            "Null": "NO",
            "Key": "",
            "Default": null,
            "Extra": "",
            "Privileges": "select,insert,update,references",
            "Comment": "订单ID"
        },
        "user_id": {
            "Field": "user_id",
            "Type": "int(11)",
            "Collation": null,
            "Null": "YES",
            "Key": "",
            "Default": null,
            "Extra": "",
            "Privileges": "select,insert,update,references",
            "Comment": "用户ID"
        },
        "admin_name": {
            "Field": "admin_name",
            "Type": "varchar(50)",
            "Collation": "utf8_general_ci",
            "Null": "YES",
            "Key": "",
            "Default": null,
            "Extra": "",
            "Privileges": "select,insert,update,references",
            "Comment": "用户名称"
        },
        "user_type": {
            "Field": "user_type",
            "Type": "int(11)",
            "Collation": null,
            "Null": "YES",
            "Key": "",
            "Default": null,
            "Extra": "",
            "Privileges": "select,insert,update,references",
            "Comment": "发言用户类型 1管理员 2用户"
        },
        "content": {
            "Field": "content",
            "Type": "text",
            "Collation": "utf8_general_ci",
            "Null": "YES",
            "Key": "",
            "Default": null,
            "Extra": "",
            "Privileges": "select,insert,update,references",
            "Comment": "留言内容"
        },
        "addtime": {
            "Field": "addtime",
            "Type": "varchar(20)",
            "Collation": "utf8_general_ci",
            "Null": "YES",
            "Key": "",
            "Default": null,
            "Extra": "",
            "Privileges": "select,insert,update,references",
            "Comment": "留言时间"
        },
        "img": {
            "Field": "img",
            "Type": "varchar(255)",
            "Collation": "utf8_general_ci",
            "Null": "YES",
            "Key": "",
            "Default": null,
            "Extra": "",
            "Privileges": "select,insert,update,references",
            "Comment": "附件地址 |"
        },
        "lang": {
            "Field": "lang",
            "Type": "varchar(10)",
            "Collation": "utf8_general_ci",
            "Null": "NO",
            "Key": "",
            "Default": null,
            "Extra": "",
            "Privileges": "select,insert,update,references",
            "Comment": ""
        }
    },
    "shopv2_discount": {
        "id": {
            "Field": "id",
            "Type": "int(11)",
            "Collation": null,
            "Null": "NO",
            "Key": "PRI",
            "Default": null,
            "Extra": "auto_increment",
            "Privileges": "select,insert,update,references",
            "Comment": ""
        },
        "name": {
            "Field": "name",
            "Type": "varchar(50)",
            "Collation": "utf8_general_ci",
            "Null": "NO",
            "Key": "",
            "Default": null,
            "Extra": "",
            "Privileges": "select,insert,update,references",
            "Comment": "优惠券名称"
        },
        "type": {
            "Field": "type",
            "Type": "int(11)",
            "Collation": null,
            "Null": "NO",
            "Key": "",
            "Default": null,
            "Extra": "",
            "Privileges": "select,insert,update,references",
            "Comment": "优惠券类型"
        },
        "par": {
            "Field": "par",
            "Type": "double",
            "Collation": null,
            "Null": "NO",
            "Key": "",
            "Default": null,
            "Extra": "",
            "Privileges": "select,insert,update,references",
            "Comment": "面值"
        },
        "r_price": {
            "Field": "r_price",
            "Type": "double",
            "Collation": null,
            "Null": "NO",
            "Key": "",
            "Default": null,
            "Extra": "",
            "Privileges": "select,insert,update,references",
            "Comment": "订单满多少才可以使用"
        },
        "s_time": {
            "Field": "s_time",
            "Type": "int(11)",
            "Collation": null,
            "Null": "NO",
            "Key": "",
            "Default": null,
            "Extra": "",
            "Privileges": "select,insert,update,references",
            "Comment": "开始时间"
        },
        "e_time": {
            "Field": "e_time",
            "Type": "int(11)",
            "Collation": null,
            "Null": "NO",
            "Key": "",
            "Default": null,
            "Extra": "",
            "Privileges": "select,insert,update,references",
            "Comment": "结束时间"
        },
        "amount": {
            "Field": "amount",
            "Type": "int(11)",
            "Collation": null,
            "Null": "NO",
            "Key": "",
            "Default": null,
            "Extra": "",
            "Privileges": "select,insert,update,references",
            "Comment": "数量"
        },
        "one_user_have": {
            "Field": "one_user_have",
            "Type": "int(11)",
            "Collation": null,
            "Null": "NO",
            "Key": "",
            "Default": null,
            "Extra": "",
            "Privileges": "select,insert,update,references",
            "Comment": "限领取张数"
        },
        "receive": {
            "Field": "receive",
            "Type": "int(11)",
            "Collation": null,
            "Null": "NO",
            "Key": "",
            "Default": null,
            "Extra": "",
            "Privileges": "select,insert,update,references",
            "Comment": "领取数"
        },
        "used": {
            "Field": "used",
            "Type": "int(11)",
            "Collation": null,
            "Null": "NO",
            "Key": "",
            "Default": null,
            "Extra": "",
            "Privileges": "select,insert,update,references",
            "Comment": "使用数"
        },
        "ugid": {
            "Field": "ugid",
            "Type": "int(11)",
            "Collation": null,
            "Null": "NO",
            "Key": "",
            "Default": null,
            "Extra": "",
            "Privileges": "select,insert,update,references",
            "Comment": "领取会员会员组条件"
        },
        "all_goods": {
            "Field": "all_goods",
            "Type": "int(1)",
            "Collation": null,
            "Null": "NO",
            "Key": "",
            "Default": null,
            "Extra": "",
            "Privileges": "select,insert,update,references",
            "Comment": "是否全部商品"
        },
        "goods_list": {
            "Field": "goods_list",
            "Type": "varchar(5000)",
            "Collation": "utf8_general_ci",
            "Null": "NO",
            "Key": "",
            "Default": null,
            "Extra": "",
            "Privileges": "select,insert,update,references",
            "Comment": "可以使用优惠劵产品列表"
        },
        "instructions": {
            "Field": "instructions",
            "Type": "varchar(1000)",
            "Collation": "utf8_general_ci",
            "Null": "NO",
            "Key": "",
            "Default": null,
            "Extra": "",
            "Privileges": "select,insert,update,references",
            "Comment": "使用说明"
        },
        "lang": {
            "Field": "lang",
            "Type": "varchar(50)",
            "Collation": "utf8_general_ci",
            "Null": "NO",
            "Key": "",
            "Default": null,
            "Extra": "",
            "Privileges": "select,insert,update,references",
            "Comment": "语言"
        }
    },
    "shopv2_discount_coupon": {
        "id": {
            "Field": "id",
            "Type": "int(11)",
            "Collation": null,
            "Null": "NO",
            "Key": "PRI",
            "Default": null,
            "Extra": "auto_increment",
            "Privileges": "select,insert,update,references",
            "Comment": ""
        },
        "did": {
            "Field": "did",
            "Type": "int(11)",
            "Collation": null,
            "Null": "NO",
            "Key": "",
            "Default": null,
            "Extra": "",
            "Privileges": "select,insert,update,references",
            "Comment": "优惠券ID"
        },
        "uid": {
            "Field": "uid",
            "Type": "int(11)",
            "Collation": null,
            "Null": "NO",
            "Key": "",
            "Default": null,
            "Extra": "",
            "Privileges": "select,insert,update,references",
            "Comment": "用户ID"
        },
        "usetime": {
            "Field": "usetime",
            "Type": "int(11)",
            "Collation": null,
            "Null": "NO",
            "Key": "",
            "Default": null,
            "Extra": "",
            "Privileges": "select,insert,update,references",
            "Comment": "使用时间"
        },
        "receivetime": {
            "Field": "receivetime",
            "Type": "int(11)",
            "Collation": null,
            "Null": "NO",
            "Key": "",
            "Default": null,
            "Extra": "",
            "Privileges": "select,insert,update,references",
            "Comment": "领取时间"
        },
        "lang": {
            "Field": "lang",
            "Type": "varchar(10)",
            "Collation": "utf8_general_ci",
            "Null": "NO",
            "Key": "",
            "Default": null,
            "Extra": "",
            "Privileges": "select,insert,update,references",
            "Comment": "语言"
        }
    },
    "shopv2_favorite": {
        "id": {
            "Field": "id",
            "Type": "int(10) unsigned",
            "Collation": null,
            "Null": "NO",
            "Key": "PRI",
            "Default": null,
            "Extra": "auto_increment",
            "Privileges": "select,insert,update,references",
            "Comment": ""
        },
        "uid": {
            "Field": "uid",
            "Type": "int(10) unsigned",
            "Collation": null,
            "Null": "NO",
            "Key": "",
            "Default": null,
            "Extra": "",
            "Privileges": "select,insert,update,references",
            "Comment": "用户id"
        },
        "pid": {
            "Field": "pid",
            "Type": "int(10) unsigned",
            "Collation": null,
            "Null": "NO",
            "Key": "",
            "Default": "0",
            "Extra": "",
            "Privileges": "select,insert,update,references",
            "Comment": "产品id"
        },
        "addtime": {
            "Field": "addtime",
            "Type": "int(10)",
            "Collation": null,
            "Null": "NO",
            "Key": "",
            "Default": "0",
            "Extra": "",
            "Privileges": "select,insert,update,references",
            "Comment": "收藏时间"
        },
        "lang": {
            "Field": "lang",
            "Type": "varchar(20)",
            "Collation": "utf8_general_ci",
            "Null": "NO",
            "Key": "",
            "Default": null,
            "Extra": "",
            "Privileges": "select,insert,update,references",
            "Comment": ""
        }
    },
    "shopv2_finance": {
        "id": {
            "Field": "id",
            "Type": "int(11)",
            "Collation": null,
            "Null": "NO",
            "Key": "PRI",
            "Default": null,
            "Extra": "auto_increment",
            "Privileges": "select,insert,update,references",
            "Comment": ""
        },
        "uid": {
            "Field": "uid",
            "Type": "int(11)",
            "Collation": null,
            "Null": "NO",
            "Key": "",
            "Default": null,
            "Extra": "",
            "Privileges": "select,insert,update,references",
            "Comment": "用户ID"
        },
        "username": {
            "Field": "username",
            "Type": "varchar(50)",
            "Collation": "utf8_general_ci",
            "Null": "NO",
            "Key": "",
            "Default": null,
            "Extra": "",
            "Privileges": "select,insert,update,references",
            "Comment": "用户名"
        },
        "type": {
            "Field": "type",
            "Type": "int(11)",
            "Collation": null,
            "Null": "NO",
            "Key": "",
            "Default": null,
            "Extra": "",
            "Privileges": "select,insert,update,references",
            "Comment": "类型"
        },
        "reason": {
            "Field": "reason",
            "Type": "varchar(1000)",
            "Collation": "utf8_general_ci",
            "Null": "NO",
            "Key": "",
            "Default": null,
            "Extra": "",
            "Privileges": "select,insert,update,references",
            "Comment": "事由"
        },
        "price": {
            "Field": "price",
            "Type": "double",
            "Collation": null,
            "Null": "NO",
            "Key": "",
            "Default": null,
            "Extra": "",
            "Privileges": "select,insert,update,references",
            "Comment": "金额"
        },
        "balance": {
            "Field": "balance",
            "Type": "double",
            "Collation": null,
            "Null": "NO",
            "Key": "",
            "Default": null,
            "Extra": "",
            "Privileges": "select,insert,update,references",
            "Comment": "余额"
        },
        "addtime": {
            "Field": "addtime",
            "Type": "int(11)",
            "Collation": null,
            "Null": "NO",
            "Key": "",
            "Default": null,
            "Extra": "",
            "Privileges": "select,insert,update,references",
            "Comment": "添加时间"
        },
        "adminname": {
            "Field": "adminname",
            "Type": "varchar(50)",
            "Collation": "utf8_general_ci",
            "Null": "NO",
            "Key": "",
            "Default": null,
            "Extra": "",
            "Privileges": "select,insert,update,references",
            "Comment": "操作人"
        },
        "lang": {
            "Field": "lang",
            "Type": "varchar(50)",
            "Collation": "utf8_general_ci",
            "Null": "NO",
            "Key": "",
            "Default": null,
            "Extra": "",
            "Privileges": "select,insert,update,references",
            "Comment": "语言"
        }
    },
    "shopv2_goods_relation": {
        "id": {
            "Field": "id",
            "Type": "int(11)",
            "Collation": null,
            "Null": "NO",
            "Key": "PRI",
            "Default": null,
            "Extra": "auto_increment",
            "Privileges": "select,insert,update,references",
            "Comment": ""
        },
        "splist_id": {
            "Field": "splist_id",
            "Type": "int(11)",
            "Collation": null,
            "Null": "NO",
            "Key": "",
            "Default": null,
            "Extra": "",
            "Privileges": "select,insert,update,references",
            "Comment": ""
        },
        "spec_value_id": {
            "Field": "spec_value_id",
            "Type": "int(11)",
            "Collation": null,
            "Null": "NO",
            "Key": "",
            "Default": null,
            "Extra": "",
            "Privileges": "select,insert,update,references",
            "Comment": ""
        },
        "spec_id": {
            "Field": "spec_id",
            "Type": "int(11)",
            "Collation": null,
            "Null": "NO",
            "Key": "",
            "Default": null,
            "Extra": "",
            "Privileges": "select,insert,update,references",
            "Comment": ""
        },
        "pid": {
            "Field": "pid",
            "Type": "int(11)",
            "Collation": null,
            "Null": "NO",
            "Key": "",
            "Default": null,
            "Extra": "",
            "Privileges": "select,insert,update,references",
            "Comment": ""
        }
    },
    "shopv2_goods_spec": {
        "id": {
            "Field": "id",
            "Type": "int(11)",
            "Collation": null,
            "Null": "NO",
            "Key": "PRI",
            "Default": null,
            "Extra": "auto_increment",
            "Privileges": "select,insert,update,references",
            "Comment": ""
        },
        "name": {
            "Field": "name",
            "Type": "varchar(50)",
            "Collation": "utf8_general_ci",
            "Null": "NO",
            "Key": "MUL",
            "Default": null,
            "Extra": "",
            "Privileges": "select,insert,update,references",
            "Comment": ""
        },
        "lang": {
            "Field": "lang",
            "Type": "varchar(50)",
            "Collation": "utf8_general_ci",
            "Null": "NO",
            "Key": "",
            "Default": null,
            "Extra": "",
            "Privileges": "select,insert,update,references",
            "Comment": ""
        }
    },
    "shopv2_goods_spec_value": {
        "id": {
            "Field": "id",
            "Type": "int(11)",
            "Collation": null,
            "Null": "NO",
            "Key": "PRI",
            "Default": null,
            "Extra": "auto_increment",
            "Privileges": "select,insert,update,references",
            "Comment": ""
        },
        "spec_id": {
            "Field": "spec_id",
            "Type": "int(11)",
            "Collation": null,
            "Null": "NO",
            "Key": "MUL",
            "Default": null,
            "Extra": "",
            "Privileges": "select,insert,update,references",
            "Comment": "规格id"
        },
        "value": {
            "Field": "value",
            "Type": "varchar(50)",
            "Collation": "utf8_general_ci",
            "Null": "NO",
            "Key": "MUL",
            "Default": null,
            "Extra": "",
            "Privileges": "select,insert,update,references",
            "Comment": "规格值"
        },
        "lang": {
            "Field": "lang",
            "Type": "varchar(50)",
            "Collation": "utf8_general_ci",
            "Null": "NO",
            "Key": "",
            "Default": null,
            "Extra": "",
            "Privileges": "select,insert,update,references",
            "Comment": ""
        }
    },
    "shopv2_goods_splist": {
        "id": {
            "Field": "id",
            "Type": "int(11)",
            "Collation": null,
            "Null": "NO",
            "Key": "PRI",
            "Default": null,
            "Extra": "auto_increment",
            "Privileges": "select,insert,update,references",
            "Comment": ""
        },
        "pid": {
            "Field": "pid",
            "Type": "int(11)",
            "Collation": null,
            "Null": "NO",
            "Key": "MUL",
            "Default": null,
            "Extra": "",
            "Privileges": "select,insert,update,references",
            "Comment": "产品ID"
        },
        "price": {
            "Field": "price",
            "Type": "double",
            "Collation": null,
            "Null": "NO",
            "Key": "",
            "Default": null,
            "Extra": "",
            "Privileges": "select,insert,update,references",
            "Comment": ""
        },
        "stock": {
            "Field": "stock",
            "Type": "int(11)",
            "Collation": null,
            "Null": "NO",
            "Key": "",
            "Default": null,
            "Extra": "",
            "Privileges": "select,insert,update,references",
            "Comment": "库存"
        },
        "sales": {
            "Field": "sales",
            "Type": "int(11)",
            "Collation": null,
            "Null": "NO",
            "Key": "",
            "Default": null,
            "Extra": "",
            "Privileges": "select,insert,update,references",
            "Comment": "销量"
        },
        "para_img": {
            "Field": "para_img",
            "Type": "varchar(500)",
            "Collation": "utf8_general_ci",
            "Null": "NO",
            "Key": "",
            "Default": null,
            "Extra": "",
            "Privileges": "select,insert,update,references",
            "Comment": "规格图片"
        },
        "lang": {
            "Field": "lang",
            "Type": "varchar(50)",
            "Collation": "utf8_general_ci",
            "Null": "NO",
            "Key": "",
            "Default": null,
            "Extra": "",
            "Privileges": "select,insert,update,references",
            "Comment": ""
        }
    },
    "shopv2_group_discount": {
        "id": {
            "Field": "id",
            "Type": "int(10) unsigned",
            "Collation": null,
            "Null": "NO",
            "Key": "PRI",
            "Default": null,
            "Extra": "auto_increment",
            "Privileges": "select,insert,update,references",
            "Comment": ""
        },
        "groupid": {
            "Field": "groupid",
            "Type": "int(11)",
            "Collation": null,
            "Null": "NO",
            "Key": "",
            "Default": null,
            "Extra": "",
            "Privileges": "select,insert,update,references",
            "Comment": ""
        },
        "group_access": {
            "Field": "group_access",
            "Type": "int(11)",
            "Collation": null,
            "Null": "NO",
            "Key": "",
            "Default": null,
            "Extra": "",
            "Privileges": "select,insert,update,references",
            "Comment": "用户组"
        },
        "gdiscount": {
            "Field": "gdiscount",
            "Type": "varchar(50)",
            "Collation": "utf8_general_ci",
            "Null": "YES",
            "Key": "",
            "Default": null,
            "Extra": "",
            "Privileges": "select,insert,update,references",
            "Comment": "折扣"
        },
        "lang": {
            "Field": "lang",
            "Type": "varchar(50)",
            "Collation": "utf8_general_ci",
            "Null": "YES",
            "Key": "",
            "Default": null,
            "Extra": "",
            "Privileges": "select,insert,update,references",
            "Comment": ""
        }
    },
    "shopv2_logistics": {
        "id": {
            "Field": "id",
            "Type": "int(11)",
            "Collation": null,
            "Null": "NO",
            "Key": "PRI",
            "Default": null,
            "Extra": "auto_increment",
            "Privileges": "select,insert,update,references",
            "Comment": ""
        },
        "name": {
            "Field": "name",
            "Type": "varchar(50)",
            "Collation": "utf8_general_ci",
            "Null": "NO",
            "Key": "",
            "Default": null,
            "Extra": "",
            "Privileges": "select,insert,update,references",
            "Comment": "模板名称"
        },
        "lang": {
            "Field": "lang",
            "Type": "varchar(50)",
            "Collation": "utf8_general_ci",
            "Null": "NO",
            "Key": "",
            "Default": null,
            "Extra": "",
            "Privileges": "select,insert,update,references",
            "Comment": "所属语言"
        }
    },
    "shopv2_logistics_zone": {
        "id": {
            "Field": "id",
            "Type": "int(11)",
            "Collation": null,
            "Null": "NO",
            "Key": "PRI",
            "Default": null,
            "Extra": "auto_increment",
            "Privileges": "select,insert,update,references",
            "Comment": ""
        },
        "lid": {
            "Field": "lid",
            "Type": "int(11)",
            "Collation": null,
            "Null": "NO",
            "Key": "",
            "Default": null,
            "Extra": "",
            "Privileges": "select,insert,update,references",
            "Comment": "所属模板ID"
        },
        "zone": {
            "Field": "zone",
            "Type": "text",
            "Collation": "utf8_general_ci",
            "Null": "NO",
            "Key": "",
            "Default": null,
            "Extra": "",
            "Privileges": "select,insert,update,references",
            "Comment": "区域"
        },
        "first": {
            "Field": "first",
            "Type": "int(11)",
            "Collation": null,
            "Null": "NO",
            "Key": "",
            "Default": null,
            "Extra": "",
            "Privileges": "select,insert,update,references",
            "Comment": "首件"
        },
        "freight": {
            "Field": "freight",
            "Type": "double",
            "Collation": null,
            "Null": "NO",
            "Key": "",
            "Default": null,
            "Extra": "",
            "Privileges": "select,insert,update,references",
            "Comment": "运费"
        },
        "addp": {
            "Field": "addp",
            "Type": "int(11)",
            "Collation": null,
            "Null": "NO",
            "Key": "",
            "Default": null,
            "Extra": "",
            "Privileges": "select,insert,update,references",
            "Comment": "续件"
        },
        "renew": {
            "Field": "renew",
            "Type": "double",
            "Collation": null,
            "Null": "NO",
            "Key": "",
            "Default": null,
            "Extra": "",
            "Privileges": "select,insert,update,references",
            "Comment": "续费"
        }
    },
    "shopv2_order": {
        "id": {
            "Field": "id",
            "Type": "int(11)",
            "Collation": null,
            "Null": "NO",
            "Key": "PRI",
            "Default": null,
            "Extra": "auto_increment",
            "Privileges": "select,insert,update,references",
            "Comment": ""
        },
        "orderid": {
            "Field": "orderid",
            "Type": "varchar(20)",
            "Collation": "utf8_bin",
            "Null": "NO",
            "Key": "UNI",
            "Default": null,
            "Extra": "",
            "Privileges": "select,insert,update,references",
            "Comment": "订单ID"
        },
        "type": {
            "Field": "type",
            "Type": "int(1)",
            "Collation": null,
            "Null": "NO",
            "Key": "",
            "Default": null,
            "Extra": "",
            "Privileges": "select,insert,update,references",
            "Comment": "订单类型"
        },
        "uid": {
            "Field": "uid",
            "Type": "int(11)",
            "Collation": null,
            "Null": "NO",
            "Key": "",
            "Default": null,
            "Extra": "",
            "Privileges": "select,insert,update,references",
            "Comment": "用户ID"
        },
        "username": {
            "Field": "username",
            "Type": "varchar(50)",
            "Collation": "utf8_general_ci",
            "Null": "NO",
            "Key": "",
            "Default": null,
            "Extra": "",
            "Privileges": "select,insert,update,references",
            "Comment": "用户名"
        },
        "state": {
            "Field": "state",
            "Type": "int(2)",
            "Collation": null,
            "Null": "NO",
            "Key": "",
            "Default": null,
            "Extra": "",
            "Privileges": "select,insert,update,references",
            "Comment": "订单状态"
        },
        "restate": {
            "Field": "restate",
            "Type": "int(2)",
            "Collation": null,
            "Null": "NO",
            "Key": "",
            "Default": null,
            "Extra": "",
            "Privileges": "select,insert,update,references",
            "Comment": "退换货状态 0无状态| 1申请退换货 2同意退货 3拒绝退货"
        },
        "tel": {
            "Field": "tel",
            "Type": "varchar(20)",
            "Collation": "utf8_general_ci",
            "Null": "NO",
            "Key": "",
            "Default": null,
            "Extra": "",
            "Privileges": "select,insert,update,references",
            "Comment": "电话"
        },
        "email": {
            "Field": "email",
            "Type": "varchar(50)",
            "Collation": "utf8_general_ci",
            "Null": "NO",
            "Key": "",
            "Default": null,
            "Extra": "",
            "Privileges": "select,insert,update,references",
            "Comment": "邮件"
        },
        "message": {
            "Field": "message",
            "Type": "varchar(1000)",
            "Collation": "utf8_general_ci",
            "Null": "NO",
            "Key": "",
            "Default": null,
            "Extra": "",
            "Privileges": "select,insert,update,references",
            "Comment": "订单留言"
        },
        "address": {
            "Field": "address",
            "Type": "varchar(500)",
            "Collation": "utf8_general_ci",
            "Null": "NO",
            "Key": "",
            "Default": null,
            "Extra": "",
            "Privileges": "select,insert,update,references",
            "Comment": "收货地址"
        },
        "price": {
            "Field": "price",
            "Type": "double",
            "Collation": null,
            "Null": "NO",
            "Key": "",
            "Default": null,
            "Extra": "",
            "Privileges": "select,insert,update,references",
            "Comment": "商品金额"
        },
        "cprice": {
            "Field": "cprice",
            "Type": "double",
            "Collation": null,
            "Null": "NO",
            "Key": "",
            "Default": null,
            "Extra": "",
            "Privileges": "select,insert,update,references",
            "Comment": "修改总金额"
        },
        "tprice": {
            "Field": "tprice",
            "Type": "double",
            "Collation": null,
            "Null": "NO",
            "Key": "",
            "Default": null,
            "Extra": "",
            "Privileges": "select,insert,update,references",
            "Comment": "订单总金额"
        },
        "discount": {
            "Field": "discount",
            "Type": "double",
            "Collation": null,
            "Null": "NO",
            "Key": "",
            "Default": null,
            "Extra": "",
            "Privileges": "select,insert,update,references",
            "Comment": "折扣价格"
        },
        "discount_info": {
            "Field": "discount_info",
            "Type": "varchar(200)",
            "Collation": "utf8_general_ci",
            "Null": "NO",
            "Key": "",
            "Default": null,
            "Extra": "",
            "Privileges": "select,insert,update,references",
            "Comment": "折扣信息"
        },
        "discount_use": {
            "Field": "discount_use",
            "Type": "int(1)",
            "Collation": null,
            "Null": "NO",
            "Key": "",
            "Default": null,
            "Extra": "",
            "Privileges": "select,insert,update,references",
            "Comment": "修改总金额后是否可以继续使用折扣"
        },
        "freight": {
            "Field": "freight",
            "Type": "double",
            "Collation": null,
            "Null": "NO",
            "Key": "",
            "Default": null,
            "Extra": "",
            "Privileges": "select,insert,update,references",
            "Comment": "运费"
        },
        "cinfo_diy": {
            "Field": "cinfo_diy",
            "Type": "varchar(200)",
            "Collation": "utf8_general_ci",
            "Null": "NO",
            "Key": "",
            "Default": null,
            "Extra": "",
            "Privileges": "select,insert,update,references",
            "Comment": ""
        },
        "cinfo": {
            "Field": "cinfo",
            "Type": "varchar(50)",
            "Collation": "utf8_general_ci",
            "Null": "NO",
            "Key": "",
            "Default": null,
            "Extra": "",
            "Privileges": "select,insert,update,references",
            "Comment": "物流公司"
        },
        "oinfo": {
            "Field": "oinfo",
            "Type": "varchar(50)",
            "Collation": "utf8_general_ci",
            "Null": "NO",
            "Key": "",
            "Default": null,
            "Extra": "",
            "Privileges": "select,insert,update,references",
            "Comment": "物流单号"
        },
        "paytype": {
            "Field": "paytype",
            "Type": "int(1)",
            "Collation": null,
            "Null": "NO",
            "Key": "",
            "Default": null,
            "Extra": "",
            "Privileges": "select,insert,update,references",
            "Comment": "付款方式"
        },
        "payinfo": {
            "Field": "payinfo",
            "Type": "varchar(200)",
            "Collation": "utf8_general_ci",
            "Null": "NO",
            "Key": "",
            "Default": null,
            "Extra": "",
            "Privileges": "select,insert,update,references",
            "Comment": "付款信息"
        },
        "invoice": {
            "Field": "invoice",
            "Type": "int(1)",
            "Collation": null,
            "Null": "NO",
            "Key": "",
            "Default": null,
            "Extra": "",
            "Privileges": "select,insert,update,references",
            "Comment": "是否需要发票"
        },
        "invoice_info": {
            "Field": "invoice_info",
            "Type": "varchar(500)",
            "Collation": "utf8_general_ci",
            "Null": "NO",
            "Key": "",
            "Default": null,
            "Extra": "",
            "Privileges": "select,insert,update,references",
            "Comment": "发票信息"
        },
        "remark": {
            "Field": "remark",
            "Type": "varchar(1000)",
            "Collation": "utf8_general_ci",
            "Null": "NO",
            "Key": "",
            "Default": null,
            "Extra": "",
            "Privileges": "select,insert,update,references",
            "Comment": "备注"
        },
        "rtime": {
            "Field": "rtime",
            "Type": "int(11)",
            "Collation": null,
            "Null": "NO",
            "Key": "",
            "Default": null,
            "Extra": "",
            "Privileges": "select,insert,update,references",
            "Comment": "下订单时间"
        },
        "ptime": {
            "Field": "ptime",
            "Type": "int(11)",
            "Collation": null,
            "Null": "NO",
            "Key": "",
            "Default": null,
            "Extra": "",
            "Privileges": "select,insert,update,references",
            "Comment": "付款时间"
        },
        "stime": {
            "Field": "stime",
            "Type": "int(11)",
            "Collation": null,
            "Null": "NO",
            "Key": "",
            "Default": null,
            "Extra": "",
            "Privileges": "select,insert,update,references",
            "Comment": "发货时间"
        },
        "ctime": {
            "Field": "ctime",
            "Type": "int(11)",
            "Collation": null,
            "Null": "NO",
            "Key": "",
            "Default": null,
            "Extra": "",
            "Privileges": "select,insert,update,references",
            "Comment": "关闭订单时间"
        },
        "search": {
            "Field": "search",
            "Type": "text",
            "Collation": "utf8_general_ci",
            "Null": "NO",
            "Key": "",
            "Default": null,
            "Extra": "",
            "Privileges": "select,insert,update,references",
            "Comment": "信息搜索字段"
        },
        "reason": {
            "Field": "reason",
            "Type": "text",
            "Collation": "utf8_general_ci",
            "Null": "NO",
            "Key": "",
            "Default": null,
            "Extra": "",
            "Privileges": "select,insert,update,references",
            "Comment": "订单变更事由"
        },
        "imgs": {
            "Field": "imgs",
            "Type": "varchar(500)",
            "Collation": "utf8_general_ci",
            "Null": "NO",
            "Key": "",
            "Default": null,
            "Extra": "",
            "Privileges": "select,insert,update,references",
            "Comment": "用户上传图片"
        },
        "lang": {
            "Field": "lang",
            "Type": "varchar(50)",
            "Collation": "utf8_general_ci",
            "Null": "NO",
            "Key": "",
            "Default": null,
            "Extra": "",
            "Privileges": "select,insert,update,references",
            "Comment": "所属语言"
        }
    },
    "shopv2_order_goods": {
        "id": {
            "Field": "id",
            "Type": "int(11)",
            "Collation": null,
            "Null": "NO",
            "Key": "PRI",
            "Default": null,
            "Extra": "auto_increment",
            "Privileges": "select,insert,update,references",
            "Comment": ""
        },
        "rid": {
            "Field": "rid",
            "Type": "varchar(20)",
            "Collation": "utf8_general_ci",
            "Null": "NO",
            "Key": "",
            "Default": null,
            "Extra": "",
            "Privileges": "select,insert,update,references",
            "Comment": "订单ID"
        },
        "pid": {
            "Field": "pid",
            "Type": "int(11)",
            "Collation": null,
            "Null": "NO",
            "Key": "",
            "Default": null,
            "Extra": "",
            "Privileges": "select,insert,update,references",
            "Comment": "商品ID"
        },
        "pname": {
            "Field": "pname",
            "Type": "varchar(100)",
            "Collation": "utf8_general_ci",
            "Null": "NO",
            "Key": "",
            "Default": null,
            "Extra": "",
            "Privileges": "select,insert,update,references",
            "Comment": "商品名称"
        },
        "pamount": {
            "Field": "pamount",
            "Type": "int(11)",
            "Collation": null,
            "Null": "NO",
            "Key": "",
            "Default": null,
            "Extra": "",
            "Privileges": "select,insert,update,references",
            "Comment": "商品数量"
        },
        "puprice": {
            "Field": "puprice",
            "Type": "double",
            "Collation": null,
            "Null": "NO",
            "Key": "",
            "Default": null,
            "Extra": "",
            "Privileges": "select,insert,update,references",
            "Comment": "单价"
        },
        "para": {
            "Field": "para",
            "Type": "varchar(1000)",
            "Collation": "utf8_general_ci",
            "Null": "NO",
            "Key": "",
            "Default": null,
            "Extra": "",
            "Privileges": "select,insert,update,references",
            "Comment": "商品字段信息"
        },
        "splist_id": {
            "Field": "splist_id",
            "Type": "int(11)",
            "Collation": null,
            "Null": "NO",
            "Key": "",
            "Default": null,
            "Extra": "",
            "Privileges": "select,insert,update,references",
            "Comment": ""
        },
        "message": {
            "Field": "message",
            "Type": "varchar(1000)",
            "Collation": "utf8_general_ci",
            "Null": "NO",
            "Key": "",
            "Default": null,
            "Extra": "",
            "Privileges": "select,insert,update,references",
            "Comment": "商品留言信息"
        },
        "freight": {
            "Field": "freight",
            "Type": "double",
            "Collation": null,
            "Null": "NO",
            "Key": "",
            "Default": null,
            "Extra": "",
            "Privileges": "select,insert,update,references",
            "Comment": "运费"
        },
        "price": {
            "Field": "price",
            "Type": "double",
            "Collation": null,
            "Null": "NO",
            "Key": "",
            "Default": null,
            "Extra": "",
            "Privileges": "select,insert,update,references",
            "Comment": "小计总价"
        },
        "auto_sent": {
            "Field": "auto_sent",
            "Type": "int(11)",
            "Collation": null,
            "Null": "NO",
            "Key": "",
            "Default": "0",
            "Extra": "",
            "Privileges": "select,insert,update,references",
            "Comment": "自动发货"
        }
    },
    "shopv2_order_statistics": {
        "id": {
            "Field": "id",
            "Type": "int(11)",
            "Collation": null,
            "Null": "NO",
            "Key": "PRI",
            "Default": null,
            "Extra": "auto_increment",
            "Privileges": "select,insert,update,references",
            "Comment": ""
        },
        "start_time": {
            "Field": "start_time",
            "Type": "int(11)",
            "Collation": null,
            "Null": "NO",
            "Key": "",
            "Default": null,
            "Extra": "",
            "Privileges": "select,insert,update,references",
            "Comment": "开始时间"
        },
        "statistics_time": {
            "Field": "statistics_time",
            "Type": "int(11)",
            "Collation": null,
            "Null": "NO",
            "Key": "",
            "Default": null,
            "Extra": "",
            "Privileges": "select,insert,update,references",
            "Comment": "统计时间"
        },
        "order_number": {
            "Field": "order_number",
            "Type": "int(11)",
            "Collation": null,
            "Null": "NO",
            "Key": "",
            "Default": null,
            "Extra": "",
            "Privileges": "select,insert,update,references",
            "Comment": "下订单数"
        },
        "income": {
            "Field": "income",
            "Type": "double",
            "Collation": null,
            "Null": "NO",
            "Key": "",
            "Default": null,
            "Extra": "",
            "Privileges": "select,insert,update,references",
            "Comment": "收入"
        },
        "order_user": {
            "Field": "order_user",
            "Type": "int(11)",
            "Collation": null,
            "Null": "NO",
            "Key": "",
            "Default": null,
            "Extra": "",
            "Privileges": "select,insert,update,references",
            "Comment": "下单人数"
        },
        "order_user_list": {
            "Field": "order_user_list",
            "Type": "text",
            "Collation": "utf8_general_ci",
            "Null": "NO",
            "Key": "",
            "Default": null,
            "Extra": "",
            "Privileges": "select,insert,update,references",
            "Comment": "下单用户ID列表"
        },
        "lang": {
            "Field": "lang",
            "Type": "varchar(50)",
            "Collation": "utf8_general_ci",
            "Null": "NO",
            "Key": "",
            "Default": null,
            "Extra": "",
            "Privileges": "select,insert,update,references",
            "Comment": "语言"
        }
    },
    "shopv2_para": {
        "id": {
            "Field": "id",
            "Type": "int(11)",
            "Collation": null,
            "Null": "NO",
            "Key": "PRI",
            "Default": null,
            "Extra": "auto_increment",
            "Privileges": "select,insert,update,references",
            "Comment": ""
        },
        "value": {
            "Field": "value",
            "Type": "varchar(100)",
            "Collation": "utf8_general_ci",
            "Null": "NO",
            "Key": "",
            "Default": null,
            "Extra": "",
            "Privileges": "select,insert,update,references",
            "Comment": "字段名称"
        },
        "valuelist": {
            "Field": "valuelist",
            "Type": "varchar(1000)",
            "Collation": "utf8_general_ci",
            "Null": "NO",
            "Key": "",
            "Default": null,
            "Extra": "",
            "Privileges": "select,insert,update,references",
            "Comment": "字段值"
        }
    },
    "shopv2_plist": {
        "id": {
            "Field": "id",
            "Type": "int(11)",
            "Collation": null,
            "Null": "NO",
            "Key": "PRI",
            "Default": null,
            "Extra": "auto_increment",
            "Privileges": "select,insert,update,references",
            "Comment": ""
        },
        "pid": {
            "Field": "pid",
            "Type": "int(11)",
            "Collation": null,
            "Null": "NO",
            "Key": "",
            "Default": null,
            "Extra": "",
            "Privileges": "select,insert,update,references",
            "Comment": "商品ID"
        },
        "price": {
            "Field": "price",
            "Type": "double",
            "Collation": null,
            "Null": "NO",
            "Key": "",
            "Default": null,
            "Extra": "",
            "Privileges": "select,insert,update,references",
            "Comment": "价格"
        },
        "valuelist": {
            "Field": "valuelist",
            "Type": "varchar(500)",
            "Collation": "utf8_general_ci",
            "Null": "NO",
            "Key": "",
            "Default": null,
            "Extra": "",
            "Privileges": "select,insert,update,references",
            "Comment": "字段值"
        },
        "stock": {
            "Field": "stock",
            "Type": "int(11)",
            "Collation": null,
            "Null": "NO",
            "Key": "",
            "Default": null,
            "Extra": "",
            "Privileges": "select,insert,update,references",
            "Comment": "库存"
        },
        "sales": {
            "Field": "sales",
            "Type": "int(11)",
            "Collation": null,
            "Null": "NO",
            "Key": "",
            "Default": null,
            "Extra": "",
            "Privileges": "select,insert,update,references",
            "Comment": "销量"
        },
        "para_img": {
            "Field": "para_img",
            "Type": "varchar(500)",
            "Collation": "utf8_general_ci",
            "Null": "NO",
            "Key": "",
            "Default": null,
            "Extra": "",
            "Privileges": "select,insert,update,references",
            "Comment": "规格图片"
        }
    },
    "shopv2_product": {
        "pid": {
            "Field": "pid",
            "Type": "int(11)",
            "Collation": null,
            "Null": "NO",
            "Key": "PRI",
            "Default": null,
            "Extra": "",
            "Privileges": "select,insert,update,references",
            "Comment": "商品ID"
        },
        "paralist": {
            "Field": "paralist",
            "Type": "varchar(1000)",
            "Collation": "utf8_general_ci",
            "Null": "NO",
            "Key": "",
            "Default": null,
            "Extra": "",
            "Privileges": "select,insert,update,references",
            "Comment": "商品用户选择字段信息"
        },
        "searchlist": {
            "Field": "searchlist",
            "Type": "varchar(1000)",
            "Collation": "utf8_general_ci",
            "Null": "NO",
            "Key": "",
            "Default": null,
            "Extra": "",
            "Privileges": "select,insert,update,references",
            "Comment": "用于列表页搜索的字段"
        },
        "logistic": {
            "Field": "logistic",
            "Type": "int(1)",
            "Collation": null,
            "Null": "NO",
            "Key": "",
            "Default": "0",
            "Extra": "",
            "Privileges": "select,insert,update,references",
            "Comment": "是否需要物流"
        },
        "price": {
            "Field": "price",
            "Type": "double",
            "Collation": null,
            "Null": "NO",
            "Key": "",
            "Default": "0",
            "Extra": "",
            "Privileges": "select,insert,update,references",
            "Comment": "价格"
        },
        "stock": {
            "Field": "stock",
            "Type": "int(11)",
            "Collation": null,
            "Null": "NO",
            "Key": "",
            "Default": null,
            "Extra": "",
            "Privileges": "select,insert,update,references",
            "Comment": "库存"
        },
        "stock_show": {
            "Field": "stock_show",
            "Type": "int(1)",
            "Collation": null,
            "Null": "NO",
            "Key": "",
            "Default": "1",
            "Extra": "",
            "Privileges": "select,insert,update,references",
            "Comment": "前台是否显示库存"
        },
        "sales": {
            "Field": "sales",
            "Type": "int(11)",
            "Collation": null,
            "Null": "NO",
            "Key": "",
            "Default": null,
            "Extra": "",
            "Privileges": "select,insert,update,references",
            "Comment": "销量"
        },
        "original": {
            "Field": "original",
            "Type": "double",
            "Collation": null,
            "Null": "NO",
            "Key": "",
            "Default": "0",
            "Extra": "",
            "Privileges": "select,insert,update,references",
            "Comment": "原价"
        },
        "freight_mould": {
            "Field": "freight_mould",
            "Type": "int(11)",
            "Collation": null,
            "Null": "NO",
            "Key": "",
            "Default": "0",
            "Extra": "",
            "Privileges": "select,insert,update,references",
            "Comment": "运费模板"
        },
        "freight": {
            "Field": "freight",
            "Type": "double",
            "Collation": null,
            "Null": "NO",
            "Key": "",
            "Default": null,
            "Extra": "",
            "Privileges": "select,insert,update,references",
            "Comment": "运费"
        },
        "purchase": {
            "Field": "purchase",
            "Type": "int(1)",
            "Collation": null,
            "Null": "NO",
            "Key": "",
            "Default": "0",
            "Extra": "",
            "Privileges": "select,insert,update,references",
            "Comment": "限购"
        },
        "lnvoice": {
            "Field": "lnvoice",
            "Type": "int(11)",
            "Collation": null,
            "Null": "NO",
            "Key": "",
            "Default": null,
            "Extra": "",
            "Privileges": "select,insert,update,references",
            "Comment": "是否发票"
        },
        "message": {
            "Field": "message",
            "Type": "varchar(500)",
            "Collation": "utf8_general_ci",
            "Null": "NO",
            "Key": "",
            "Default": null,
            "Extra": "",
            "Privileges": "select,insert,update,references",
            "Comment": "留言字段信息"
        },
        "user_discount": {
            "Field": "user_discount",
            "Type": "text",
            "Collation": "utf8_general_ci",
            "Null": "NO",
            "Key": "",
            "Default": null,
            "Extra": "",
            "Privileges": "select,insert,update,references",
            "Comment": "会员折扣"
        },
        "auto_sent": {
            "Field": "auto_sent",
            "Type": "int(11)",
            "Collation": null,
            "Null": "NO",
            "Key": "",
            "Default": null,
            "Extra": "",
            "Privileges": "select,insert,update,references",
            "Comment": "自动发货"
        }
    },
    "shopv2_searchlist": {
        "id": {
            "Field": "id",
            "Type": "int(11)",
            "Collation": null,
            "Null": "NO",
            "Key": "PRI",
            "Default": null,
            "Extra": "auto_increment",
            "Privileges": "select,insert,update,references",
            "Comment": ""
        },
        "no_order": {
            "Field": "no_order",
            "Type": "int(11)",
            "Collation": null,
            "Null": "NO",
            "Key": "",
            "Default": null,
            "Extra": "",
            "Privileges": "select,insert,update,references",
            "Comment": "排序"
        },
        "name": {
            "Field": "name",
            "Type": "varchar(100)",
            "Collation": "utf8_general_ci",
            "Null": "NO",
            "Key": "",
            "Default": null,
            "Extra": "",
            "Privileges": "select,insert,update,references",
            "Comment": "名称"
        },
        "lang": {
            "Field": "lang",
            "Type": "varchar(50)",
            "Collation": "utf8_general_ci",
            "Null": "NO",
            "Key": "",
            "Default": null,
            "Extra": "",
            "Privileges": "select,insert,update,references",
            "Comment": "语言"
        }
    },
    "shopv2_searchlist_tag": {
        "id": {
            "Field": "id",
            "Type": "int(11)",
            "Collation": null,
            "Null": "NO",
            "Key": "PRI",
            "Default": null,
            "Extra": "auto_increment",
            "Privileges": "select,insert,update,references",
            "Comment": ""
        },
        "sid": {
            "Field": "sid",
            "Type": "int(11)",
            "Collation": null,
            "Null": "NO",
            "Key": "",
            "Default": null,
            "Extra": "",
            "Privileges": "select,insert,update,references",
            "Comment": "父ID"
        },
        "no_order": {
            "Field": "no_order",
            "Type": "int(11)",
            "Collation": null,
            "Null": "NO",
            "Key": "",
            "Default": null,
            "Extra": "",
            "Privileges": "select,insert,update,references",
            "Comment": "排序"
        },
        "name": {
            "Field": "name",
            "Type": "varchar(50)",
            "Collation": "utf8_general_ci",
            "Null": "NO",
            "Key": "",
            "Default": null,
            "Extra": "",
            "Privileges": "select,insert,update,references",
            "Comment": "名称"
        },
        "title": {
            "Field": "title",
            "Type": "varchar(50)",
            "Collation": "utf8_general_ci",
            "Null": "NO",
            "Key": "",
            "Default": null,
            "Extra": "",
            "Privileges": "select,insert,update,references",
            "Comment": "页面标题"
        },
        "keywords": {
            "Field": "keywords",
            "Type": "varchar(1000)",
            "Collation": "utf8_general_ci",
            "Null": "NO",
            "Key": "",
            "Default": null,
            "Extra": "",
            "Privileges": "select,insert,update,references",
            "Comment": "页面关键词"
        },
        "description": {
            "Field": "description",
            "Type": "varchar(1000)",
            "Collation": "utf8_general_ci",
            "Null": "NO",
            "Key": "",
            "Default": null,
            "Extra": "",
            "Privileges": "select,insert,update,references",
            "Comment": "页面描述"
        },
        "url": {
            "Field": "url",
            "Type": "varchar(100)",
            "Collation": "utf8_general_ci",
            "Null": "NO",
            "Key": "",
            "Default": null,
            "Extra": "",
            "Privileges": "select,insert,update,references",
            "Comment": ""
        }
    },
    "shopv2_tracking": {
        "id": {
            "Field": "id",
            "Type": "int(10) unsigned",
            "Collation": null,
            "Null": "NO",
            "Key": "PRI",
            "Default": null,
            "Extra": "auto_increment",
            "Privileges": "select,insert,update,references",
            "Comment": ""
        },
        "order_id": {
            "Field": "order_id",
            "Type": "varchar(200)",
            "Collation": "utf8_general_ci",
            "Null": "NO",
            "Key": "",
            "Default": null,
            "Extra": "",
            "Privileges": "select,insert,update,references",
            "Comment": "商品订单号"
        },
        "tracking_no": {
            "Field": "tracking_no",
            "Type": "varchar(100)",
            "Collation": "utf8_general_ci",
            "Null": "NO",
            "Key": "",
            "Default": null,
            "Extra": "",
            "Privileges": "select,insert,update,references",
            "Comment": "快递单号"
        },
        "information": {
            "Field": "information",
            "Type": "text",
            "Collation": "utf8_general_ci",
            "Null": "NO",
            "Key": "",
            "Default": null,
            "Extra": "",
            "Privileges": "select,insert,update,references",
            "Comment": "物流信息"
        },
        "addtime": {
            "Field": "addtime",
            "Type": "int(10)",
            "Collation": null,
            "Null": "NO",
            "Key": "",
            "Default": null,
            "Extra": "",
            "Privileges": "select,insert,update,references",
            "Comment": "创建时间"
        },
        "updatetime": {
            "Field": "updatetime",
            "Type": "int(10)",
            "Collation": null,
            "Null": "NO",
            "Key": "",
            "Default": null,
            "Extra": "",
            "Privileges": "select,insert,update,references",
            "Comment": "最后更新时间"
        }
    },
    "shopv2_user": {
        "uid": {
            "Field": "uid",
            "Type": "int(11)",
            "Collation": null,
            "Null": "NO",
            "Key": "PRI",
            "Default": null,
            "Extra": "",
            "Privileges": "select,insert,update,references",
            "Comment": "用户ID"
        },
        "username": {
            "Field": "username",
            "Type": "varchar(50)",
            "Collation": "utf8_general_ci",
            "Null": "NO",
            "Key": "",
            "Default": null,
            "Extra": "",
            "Privileges": "select,insert,update,references",
            "Comment": "用户名"
        },
        "goods_list": {
            "Field": "goods_list",
            "Type": "text",
            "Collation": "utf8_general_ci",
            "Null": "NO",
            "Key": "",
            "Default": null,
            "Extra": "",
            "Privileges": "select,insert,update,references",
            "Comment": "已购买商品列表"
        },
        "balance": {
            "Field": "balance",
            "Type": "double",
            "Collation": null,
            "Null": "NO",
            "Key": "",
            "Default": null,
            "Extra": "",
            "Privileges": "select,insert,update,references",
            "Comment": "余额"
        },
        "lang": {
            "Field": "lang",
            "Type": "varchar(50)",
            "Collation": "utf8_general_ci",
            "Null": "NO",
            "Key": "",
            "Default": "cn",
            "Extra": "",
            "Privileges": "select,insert,update,references",
            "Comment": "语言"
        }
    },
    "shopv2_zone": {
        "id": {
            "Field": "id",
            "Type": "int(50)",
            "Collation": null,
            "Null": "NO",
            "Key": "PRI",
            "Default": null,
            "Extra": "auto_increment",
            "Privileges": "select,insert,update,references",
            "Comment": ""
        },
        "name": {
            "Field": "name",
            "Type": "varchar(100)",
            "Collation": "utf8_general_ci",
            "Null": "YES",
            "Key": "",
            "Default": null,
            "Extra": "",
            "Privileges": "select,insert,update,references",
            "Comment": ""
        },
        "pid": {
            "Field": "pid",
            "Type": "int(50)",
            "Collation": null,
            "Null": "YES",
            "Key": "",
            "Default": null,
            "Extra": "",
            "Privileges": "select,insert,update,references",
            "Comment": ""
        },
        "lang": {
            "Field": "lang",
            "Type": "varchar(50)",
            "Collation": "utf8_general_ci",
            "Null": "YES",
            "Key": "",
            "Default": null,
            "Extra": "",
            "Privileges": "select,insert,update,references",
            "Comment": ""
        }
    },
    "shopv2_test_table": []
}